Category,Region,Age,Gender,Month,Price,Quantity,Revenue,Rating,Discount_Pct,Delivery_Days,Returned,Payment_Method
Clothing,East,60,Male,8,40.95,3,122.85,3.2,10,8,0,Debit Card
Beauty,North,64,Male,12,65.92,2,131.84,5.0,10,2,0,COD
Books,North,48,Female,2,30.42,1,30.42,3.8,30,8,1,COD
Home & Kitchen,South,44,Female,7,159.23,1,159.23,4.1,0,1,0,Credit Card
Electronics,South,28,Male,3,475.39,2,950.78,3.1,10,1,0,Credit Card
Electronics,East,55,Female,1,431.36,1,431.36,4.6,15,4,0,UPI
Electronics,East,22,Female,8,454.66,5,2273.3,4.1,30,7,0,Debit Card
Sports,South,25,Male,4,120.75,1,120.75,3.9,0,9,0,Debit Card
Home & Kitchen,North,51,Male,8,180.45,3,541.35,4.0,5,5,0,Credit Card
Books,West,29,Male,2,36.82,1,36.82,4.5,5,2,0,COD
Electronics,South,55,Male,5,575.24,1,575.24,4.3,0,7,0,Debit Card
Beauty,South,18,Male,10,37.23,4,148.92,3.8,15,2,0,Net Banking
Sports,North,48,Male,6,91.92,1,91.92,3.5,15,9,0,UPI
Electronics,East,21,Male,8,608.07,1,608.07,3.9,15,9,0,UPI
Electronics,East,62,Female,9,376.57,1,376.57,4.2,0,3,0,COD
Electronics,North,22,Female,11,262.45,2,524.9,3.9,0,8,0,Debit Card
Clothing,North,47,Female,5,79.98,1,79.98,4.2,5,4,0,Net Banking
Home & Kitchen,East,41,Male,9,87.77,2,175.54,4.1,5,3,0,COD
Clothing,East,20,Female,12,54.82,2,109.64,3.7,20,1,0,Debit Card
Clothing,North,28,Female,10,116.87,2,233.74,2.9,0,5,0,UPI
Home & Kitchen,West,62,Female,7,149.96,2,299.92,3.5,0,4,0,Credit Card
Electronics,North,21,Male,8,329.3,2,658.6,4.8,10,1,0,Credit Card
Clothing,South,43,Female,10,116.59,1,116.59,4.0,10,8,0,Credit Card
Clothing,West,44,Male,8,114.39,3,343.17,3.5,10,8,0,Credit Card
Clothing,South,63,Male,1,73.38,1,73.38,3.9,20,8,1,Credit Card
Books,East,60,Female,4,22.81,2,45.62,4.5,0,3,0,UPI
Electronics,South,44,Female,10,562.13,1,562.13,3.6,15,6,0,UPI
Home & Kitchen,North,59,Male,5,175.05,3,525.15,4.4,5,7,0,UPI
Home & Kitchen,West,23,Female,10,170.92,1,170.92,4.0,5,9,0,Credit Card
Electronics,South,32,Female,6,585.11,1,585.11,3.4,25,5,0,Credit Card
Home & Kitchen,West,47,Male,7,171.28,2,342.56,4.2,5,9,0,Debit Card
Electronics,North,59,Female,2,329.2,2,658.4,3.7,15,6,0,UPI
Electronics,North,54,Male,3,501.42,1,501.42,3.8,5,4,0,UPI
Beauty,North,54,Female,12,43.51,2,87.02,3.6,10,1,0,Debit Card
Beauty,East,59,Male,11,68.0,2,136.0,4.4,20,1,0,Net Banking
Sports,South,54,Male,9,114.21,5,571.05,3.7,25,5,1,UPI
Clothing,West,52,Female,7,45.04,2,90.08,4.1,20,3,0,Debit Card
Electronics,South,40,Female,9,425.39,1,425.39,3.6,15,5,0,COD
Books,West,23,Female,8,25.3,1,25.3,3.9,5,5,0,Net Banking
Clothing,North,21,Female,8,64.63,3,193.89,3.4,15,1,0,UPI
Electronics,West,35,Female,1,462.95,3,1388.85,4.1,15,8,0,Debit Card
Home & Kitchen,East,26,Female,8,118.41,1,118.41,3.5,0,5,0,Credit Card
Electronics,East,46,Female,10,536.3,1,536.3,3.8,10,5,0,UPI
Sports,West,30,Female,12,58.22,2,116.44,3.5,20,9,0,COD
Clothing,East,64,Male,1,90.51,1,90.51,4.0,10,8,0,UPI
Home & Kitchen,East,34,Female,10,188.52,1,188.52,2.9,5,1,0,COD
Clothing,North,62,Male,8,91.48,1,91.48,3.9,20,3,0,UPI
Home & Kitchen,North,49,Female,6,143.6,1,143.6,4.7,0,7,0,COD
Home & Kitchen,West,39,Female,3,208.84,1,208.84,4.4,5,1,0,UPI
Electronics,East,21,Female,6,335.97,2,671.94,3.6,15,1,0,Credit Card
Beauty,East,22,Female,6,28.04,1,28.04,4.3,10,5,0,Debit Card
Books,South,54,Female,5,27.96,1,27.96,4.4,15,9,0,Credit Card
Beauty,North,58,Male,10,28.78,1,28.78,4.8,0,6,0,Credit Card
Sports,North,30,Female,9,148.3,2,296.6,2.5,5,2,0,Net Banking
Home & Kitchen,East,51,Male,8,102.23,1,102.23,4.4,0,9,0,Credit Card
Beauty,South,62,Male,12,69.6,2,139.2,4.0,25,6,0,Net Banking
Electronics,North,39,Male,5,535.32,2,1070.64,3.5,10,5,1,Credit Card
Electronics,South,40,Female,4,301.45,1,301.45,3.5,5,5,0,Credit Card
Electronics,North,20,Male,9,470.92,1,470.92,3.3,0,3,0,COD
Clothing,East,59,Female,4,42.75,1,42.75,3.5,0,6,0,UPI
Clothing,North,51,Male,5,76.72,2,153.44,3.3,10,4,0,Debit Card
Clothing,East,49,Male,4,40.14,3,120.42,3.9,0,2,0,Debit Card
Sports,South,62,Male,2,144.96,1,144.96,4.1,10,3,1,UPI
Clothing,South,38,Male,10,115.13,4,460.52,3.7,10,9,0,COD
Clothing,North,63,Female,4,56.34,1,56.34,4.5,20,9,0,Debit Card
Home & Kitchen,North,61,Male,7,101.97,3,305.91,3.5,15,6,0,UPI
Electronics,South,38,Male,1,526.56,2,1053.12,3.7,10,9,0,Net Banking
Sports,South,61,Male,9,76.84,2,153.68,3.6,5,4,0,Credit Card
Electronics,East,28,Male,5,585.93,2,1171.86,4.2,15,5,0,UPI
Beauty,South,56,Male,10,57.99,2,115.98,4.4,15,6,0,COD
Books,East,21,Male,6,25.52,3,76.56,4.4,0,9,0,Debit Card
Electronics,West,18,Female,4,559.73,3,1679.19,3.8,25,5,0,Net Banking
Electronics,East,45,Female,7,417.23,2,834.46,3.2,0,8,0,Debit Card
Sports,North,41,Female,3,143.99,1,143.99,3.6,0,1,0,Net Banking
Books,South,52,Female,7,42.84,1,42.84,4.9,0,5,0,COD
Books,North,30,Male,5,19.96,3,59.88,4.7,25,1,0,Credit Card
Books,North,64,Male,11,15.07,2,30.14,4.3,10,6,0,Credit Card
Electronics,West,51,Female,2,623.25,2,1246.5,3.7,20,7,0,UPI
Clothing,North,28,Male,9,109.68,2,219.36,3.8,5,5,1,Debit Card
Electronics,South,53,Female,3,233.29,3,699.87,3.7,10,1,0,Credit Card
Sports,East,34,Male,5,135.97,2,271.94,4.4,10,6,0,Credit Card
Home & Kitchen,East,52,Male,6,137.92,3,413.76,3.4,20,5,0,UPI
Clothing,East,35,Male,11,59.2,3,177.6,4.3,0,6,0,COD
Electronics,North,57,Female,4,579.07,1,579.07,3.6,5,7,0,Debit Card
Clothing,South,39,Female,2,54.34,1,54.34,4.5,0,7,0,UPI
Clothing,South,41,Female,5,112.89,3,338.67,4.0,20,2,0,Credit Card
Books,North,36,Male,2,21.17,1,21.17,3.8,10,3,0,UPI
Home & Kitchen,South,54,Male,3,160.37,4,641.48,3.6,10,6,0,Credit Card
Sports,North,56,Male,8,73.75,1,73.75,4.2,10,3,0,Credit Card
Home & Kitchen,North,38,Male,2,150.58,1,150.58,3.6,30,2,0,COD
Electronics,South,25,Female,1,497.27,4,1989.08,3.9,20,4,0,COD
Books,North,45,Male,9,20.71,2,41.42,3.9,15,5,0,Credit Card
Books,East,22,Female,6,30.63,1,30.63,5.0,5,9,0,Credit Card
Home & Kitchen,East,34,Female,3,139.54,3,418.62,4.8,0,3,0,UPI
Books,West,54,Male,4,17.13,2,34.26,4.9,25,3,1,UPI
Home & Kitchen,North,53,Female,9,189.84,2,379.68,3.7,10,6,0,Credit Card
Home & Kitchen,North,36,Male,5,120.34,1,120.34,3.6,5,5,0,UPI
Clothing,North,44,Male,7,83.82,3,251.46,3.4,10,6,0,Credit Card
Electronics,East,51,Male,3,426.21,3,1278.63,4.7,25,7,0,Net Banking
Electronics,East,28,Female,8,425.57,1,425.57,4.4,10,3,0,Debit Card
Electronics,North,62,Male,5,255.03,3,765.09,4.4,15,5,0,Debit Card
Home & Kitchen,West,64,Female,8,132.98,3,398.94,3.7,20,8,0,UPI
Clothing,North,29,Female,10,74.28,2,148.56,2.9,10,4,0,COD
Home & Kitchen,East,38,Male,8,177.64,2,355.28,3.0,5,2,0,COD
Sports,East,28,Female,5,136.68,1,136.68,3.8,30,4,1,Credit Card
Electronics,West,56,Female,4,438.89,1,438.89,3.6,25,2,0,Credit Card
Clothing,East,45,Male,5,45.77,2,91.54,3.5,20,3,0,UPI
Books,West,22,Male,3,22.11,3,66.33,4.4,15,4,0,Credit Card
Electronics,South,34,Female,3,279.27,2,558.54,4.4,5,4,0,UPI
Electronics,West,37,Male,10,262.34,2,524.68,3.5,25,9,0,Debit Card
Clothing,North,58,Female,6,67.54,1,67.54,3.1,5,6,0,UPI
Electronics,West,63,Male,6,306.35,1,306.35,3.6,20,9,0,UPI
Beauty,East,29,Male,8,38.79,1,38.79,3.6,25,4,0,UPI
Sports,West,23,Male,8,56.58,1,56.58,4.1,15,9,0,COD
Home & Kitchen,South,34,Male,2,74.54,2,149.08,3.8,20,9,0,Credit Card
Sports,East,36,Female,11,61.48,1,61.48,4.7,20,6,0,Debit Card
Sports,South,43,Male,3,68.56,3,205.68,4.2,0,5,0,Credit Card
Electronics,East,61,Female,9,391.01,1,391.01,4.8,15,3,0,Credit Card
Sports,North,61,Female,10,103.07,2,206.14,3.1,0,5,0,UPI
Home & Kitchen,North,49,Female,9,92.25,2,184.5,2.2,10,3,0,Credit Card
Sports,North,23,Female,8,94.33,1,94.33,3.9,0,5,0,Credit Card
Sports,North,53,Male,1,85.86,1,85.86,3.9,10,5,1,Credit Card
Clothing,West,55,Male,6,53.31,1,53.31,3.7,20,2,0,UPI
Electronics,North,28,Female,8,212.87,3,638.61,3.9,30,9,0,Debit Card
Electronics,West,50,Male,6,406.15,1,406.15,3.3,5,7,0,Credit Card
Clothing,South,41,Female,11,92.48,2,184.96,4.1,10,6,0,Debit Card
Sports,North,40,Male,5,74.08,5,370.4,4.2,10,5,0,Credit Card
Sports,East,32,Female,5,64.44,3,193.32,3.2,25,4,1,Debit Card
Electronics,East,44,Female,4,582.56,1,582.56,3.7,10,8,0,UPI
Home & Kitchen,South,28,Female,5,111.6,4,446.4,3.7,15,2,0,Debit Card
Clothing,East,34,Female,8,56.44,1,56.44,3.5,25,8,0,COD
Electronics,East,31,Female,9,569.98,2,1139.96,3.3,10,1,0,COD
Electronics,North,44,Female,9,553.18,3,1659.54,3.9,25,1,0,Credit Card
Clothing,West,35,Female,10,73.97,2,147.94,3.9,25,3,1,COD
Beauty,West,45,Male,11,53.42,1,53.42,3.8,25,5,0,Credit Card
Clothing,East,64,Male,10,55.98,1,55.98,3.3,5,6,0,COD
Home & Kitchen,North,64,Male,1,83.28,1,83.28,4.0,10,4,0,Credit Card
Books,East,21,Female,10,32.2,2,64.4,3.8,20,7,0,UPI
Clothing,North,24,Male,4,46.67,1,46.67,3.6,10,7,0,Credit Card
Beauty,North,62,Female,3,51.26,5,256.3,3.9,15,2,0,Credit Card
Beauty,North,52,Female,8,77.79,4,311.16,4.7,0,2,0,Debit Card
Clothing,South,26,Female,5,113.32,3,339.96,3.4,0,2,0,COD
Home & Kitchen,West,25,Female,1,106.46,1,106.46,4.7,10,2,0,Debit Card
Clothing,East,62,Male,3,87.68,2,175.36,4.2,15,9,0,Debit Card
Clothing,East,34,Female,1,75.98,4,303.92,4.7,10,5,0,Net Banking
Electronics,South,34,Female,11,577.79,3,1733.37,4.2,15,8,0,Credit Card
Home & Kitchen,South,50,Male,1,111.09,1,111.09,3.7,10,5,0,Credit Card
Home & Kitchen,South,49,Male,4,72.53,1,72.53,3.3,15,5,1,Credit Card
Electronics,West,25,Female,6,278.28,1,278.28,3.7,15,1,0,UPI
Clothing,North,36,Female,6,66.26,2,132.52,4.5,10,6,0,Credit Card
Sports,West,55,Male,11,83.2,2,166.4,3.8,10,4,0,Credit Card
Electronics,East,20,Female,1,542.37,3,1627.11,4.2,0,3,0,Credit Card
Electronics,South,22,Female,7,495.84,1,495.84,4.0,10,6,0,Credit Card
Home & Kitchen,East,30,Male,9,115.14,1,115.14,3.9,15,2,0,COD
Beauty,South,64,Female,12,51.72,1,51.72,4.2,10,8,0,Credit Card
Electronics,West,63,Female,8,250.13,1,250.13,4.1,5,1,0,UPI
Books,West,48,Female,10,41.94,1,41.94,3.8,15,9,0,Debit Card
Books,South,33,Female,2,43.06,2,86.12,4.1,0,8,0,UPI
Electronics,North,49,Male,6,621.52,2,1243.04,4.1,25,1,0,Credit Card
Books,East,39,Male,6,41.06,2,82.12,4.3,0,9,0,UPI
Clothing,West,46,Male,11,52.57,1,52.57,3.6,30,2,0,Credit Card
Home & Kitchen,North,39,Male,3,78.65,1,78.65,4.0,10,3,0,UPI
Home & Kitchen,East,60,Male,3,155.46,2,310.92,3.4,10,2,0,Credit Card
Home & Kitchen,East,20,Female,5,203.42,3,610.26,3.2,5,8,0,UPI
Electronics,East,27,Female,1,284.49,1,284.49,4.0,0,2,0,Debit Card
Sports,North,59,Female,3,51.72,3,155.16,3.2,5,2,0,UPI
Clothing,East,38,Female,12,101.83,1,101.83,3.9,0,1,0,UPI
Electronics,West,33,Female,6,242.25,3,726.75,2.9,15,7,0,UPI
Electronics,North,29,Male,8,383.76,3,1151.28,3.5,5,2,0,Net Banking
Home & Kitchen,North,19,Male,9,169.76,1,169.76,3.6,20,5,0,Credit Card
Books,West,58,Male,6,22.1,2,44.2,3.4,5,5,0,Debit Card
Electronics,North,41,Female,3,245.26,1,245.26,3.7,25,3,0,Debit Card
Home & Kitchen,West,52,Male,4,182.88,4,731.52,4.4,10,3,0,UPI
Electronics,South,47,Female,5,474.67,1,474.67,3.3,0,3,0,Credit Card
Home & Kitchen,North,47,Male,8,214.34,2,428.68,3.6,10,6,0,UPI
Electronics,West,64,Female,6,354.61,2,709.22,4.8,5,4,0,Credit Card
Books,South,52,Female,1,16.85,3,50.55,3.7,0,3,1,Credit Card
Clothing,South,36,Female,7,96.28,1,96.28,4.5,10,2,0,Credit Card
Beauty,South,25,Female,12,55.17,2,110.34,4.0,15,3,0,Credit Card
Electronics,East,43,Female,10,299.55,1,299.55,4.0,25,4,0,UPI
Clothing,North,57,Female,10,99.97,1,99.97,4.4,10,6,0,Net Banking
Electronics,South,24,Female,10,295.58,2,591.16,3.7,30,4,0,Credit Card
Beauty,West,47,Female,5,41.08,1,41.08,4.4,25,8,0,COD
Sports,North,24,Female,10,60.44,1,60.44,4.2,20,3,0,COD
Clothing,East,20,Male,3,70.16,3,210.48,3.5,10,3,0,COD
Home & Kitchen,South,18,Male,9,132.33,1,132.33,3.4,0,3,0,Net Banking
Sports,East,53,Female,9,103.49,2,206.98,3.7,5,8,0,UPI
Home & Kitchen,North,42,Male,1,174.09,1,174.09,3.7,15,4,0,Credit Card
Home & Kitchen,West,54,Male,10,202.48,1,202.48,3.3,10,1,0,UPI
Electronics,South,18,Female,11,267.85,1,267.85,3.6,0,2,0,UPI
Electronics,North,32,Female,4,232.83,2,465.66,2.2,10,2,1,Net Banking
Sports,North,54,Female,10,52.89,2,105.78,3.6,0,3,0,COD
Sports,North,30,Male,2,65.65,1,65.65,4.2,20,6,0,UPI
Home & Kitchen,South,57,Male,8,166.74,1,166.74,3.0,0,8,0,UPI
Clothing,South,25,Male,7,95.74,4,382.96,3.6,15,1,0,Credit Card
Clothing,West,22,Male,8,100.35,1,100.35,5.0,20,9,0,Credit Card
Books,South,26,Male,12,22.31,4,89.24,4.2,0,1,0,UPI
Sports,North,18,Male,11,82.2,1,82.2,4.5,10,2,0,UPI
Sports,East,53,Female,10,100.28,2,200.56,3.3,20,3,0,Net Banking
Books,East,52,Female,5,16.9,1,16.9,4.4,5,7,0,UPI
Home & Kitchen,North,19,Male,11,160.0,3,480.0,3.2,0,9,0,COD
Electronics,North,57,Male,2,623.17,2,1246.34,4.1,5,3,0,Debit Card
Electronics,North,40,Male,11,361.54,1,361.54,4.3,15,8,0,Net Banking
Sports,East,26,Male,5,127.79,1,127.79,4.1,15,9,0,Credit Card
Home & Kitchen,East,51,Female,1,144.0,2,288.0,3.6,0,7,0,Net Banking
Electronics,South,63,Male,9,263.68,2,527.36,4.0,10,4,0,Debit Card
Electronics,West,31,Male,4,454.54,1,454.54,4.0,5,4,0,Credit Card
Home & Kitchen,West,21,Male,4,115.18,1,115.18,4.1,20,4,0,Credit Card
Electronics,East,47,Male,5,224.45,3,673.35,3.8,5,6,0,COD
Electronics,West,48,Female,2,476.67,1,476.67,4.4,20,4,0,Credit Card
Home & Kitchen,North,55,Female,3,195.69,2,391.38,4.5,10,5,0,UPI
Books,North,28,Female,1,25.34,2,50.68,4.0,15,9,0,UPI
Home & Kitchen,North,52,Male,7,128.2,3,384.6,3.8,10,7,0,Debit Card
Electronics,North,25,Female,2,584.23,4,2336.92,3.4,15,8,0,Net Banking
Books,East,20,Female,9,39.41,5,197.05,4.4,10,5,0,UPI
Electronics,West,31,Female,4,510.28,1,510.28,4.1,20,5,0,UPI
Clothing,North,30,Male,12,58.41,3,175.23,3.8,10,7,0,COD
Books,North,62,Male,11,42.31,1,42.31,4.3,10,8,0,Net Banking
Home & Kitchen,South,49,Female,5,94.24,2,188.48,4.8,10,9,0,COD
Sports,West,51,Female,10,114.93,2,229.86,2.4,20,2,0,UPI
Home & Kitchen,South,62,Male,10,76.15,1,76.15,3.6,15,3,0,Credit Card
Home & Kitchen,South,36,Male,12,164.7,4,658.8,3.6,5,2,0,UPI
Electronics,North,55,Male,8,326.4,1,326.4,4.6,15,7,0,Debit Card
Clothing,North,33,Female,2,74.07,2,148.14,4.0,15,2,0,Credit Card
Clothing,West,19,Male,9,65.93,3,197.79,4.0,25,2,0,Credit Card
Electronics,West,57,Female,8,282.56,3,847.68,4.5,20,2,0,Credit Card
Beauty,North,34,Male,8,60.59,1,60.59,4.0,15,4,0,UPI
Clothing,West,51,Female,5,107.79,1,107.79,4.1,5,1,0,Net Banking
Sports,East,59,Female,11,148.83,3,446.49,3.5,20,2,0,Credit Card
Home & Kitchen,West,33,Male,12,99.7,1,99.7,3.3,15,3,0,Debit Card
Books,South,55,Female,4,36.52,2,73.04,5.0,30,7,0,COD
Home & Kitchen,South,19,Male,2,167.66,1,167.66,4.0,5,1,0,Credit Card
Home & Kitchen,South,19,Female,4,121.45,2,242.9,4.1,0,6,0,Debit Card
Home & Kitchen,East,43,Female,10,74.75,3,224.25,3.3,0,3,0,COD
Electronics,North,30,Male,9,499.71,2,999.42,4.2,15,3,0,COD
Books,North,64,Female,8,43.36,2,86.72,5.0,25,4,0,Credit Card
Clothing,South,48,Female,6,88.31,1,88.31,3.7,0,4,0,Credit Card
Electronics,East,51,Male,8,392.82,2,785.64,3.3,15,7,0,Credit Card
Home & Kitchen,North,56,Female,5,147.62,1,147.62,3.9,15,3,0,Debit Card
Electronics,East,20,Female,7,293.84,1,293.84,3.4,20,8,0,Debit Card
Beauty,West,25,Female,10,67.53,1,67.53,3.3,10,8,0,Debit Card
Beauty,North,40,Male,12,67.31,2,134.62,3.7,20,7,0,UPI
Sports,East,31,Male,12,65.84,2,131.68,3.6,0,2,0,Credit Card
Clothing,South,44,Male,12,107.48,1,107.48,3.3,20,5,0,Debit Card
Electronics,West,46,Female,6,323.06,1,323.06,4.6,5,6,0,UPI
Beauty,North,56,Male,7,80.04,1,80.04,5.0,10,4,0,Debit Card
Clothing,East,56,Female,9,68.87,4,275.48,4.1,20,5,0,UPI
Beauty,West,18,Male,12,36.61,2,73.22,4.3,5,9,0,UPI
Beauty,West,34,Female,3,45.99,1,45.99,4.0,0,7,0,Credit Card
Sports,East,58,Male,5,95.9,1,95.9,3.4,15,2,0,Credit Card
Clothing,South,47,Male,3,44.41,5,222.05,4.6,10,1,0,Credit Card
Clothing,East,30,Male,8,84.1,1,84.1,3.8,10,2,0,Credit Card
Sports,West,38,Male,5,111.96,3,335.88,3.6,5,3,0,UPI
Clothing,East,36,Female,5,96.64,1,96.64,4.3,0,2,0,Credit Card
Electronics,North,36,Female,2,222.25,4,889.0,3.9,10,3,0,Credit Card
Home & Kitchen,West,42,Female,5,149.94,3,449.82,4.3,0,9,0,Debit Card
Beauty,East,39,Female,11,29.86,2,59.72,3.9,25,4,0,UPI
Books,East,48,Female,4,36.03,1,36.03,4.7,0,9,0,Debit Card
Home & Kitchen,North,34,Female,9,80.02,1,80.02,4.3,10,3,0,Debit Card
Electronics,East,40,Female,8,592.93,1,592.93,4.6,0,1,0,Debit Card
Home & Kitchen,South,49,Female,11,173.1,2,346.2,3.4,0,5,0,COD
Beauty,East,27,Male,3,54.4,1,54.4,4.1,15,2,0,Credit Card
Electronics,North,27,Female,12,395.43,1,395.43,4.9,15,4,0,Debit Card
Home & Kitchen,East,53,Male,8,90.82,2,181.64,3.7,0,2,0,COD
Sports,West,25,Female,12,80.68,2,161.36,4.2,0,2,0,Net Banking
Books,North,37,Female,11,41.07,1,41.07,5.0,0,3,0,Credit Card
Books,West,49,Male,4,42.13,1,42.13,3.3,20,5,0,UPI
Books,South,31,Male,1,15.02,5,75.1,4.1,15,4,0,Credit Card
Clothing,West,45,Female,4,85.34,2,170.68,3.8,0,2,0,Debit Card
Clothing,East,63,Female,7,95.11,3,285.33,2.9,10,2,0,Debit Card
Sports,East,41,Male,3,114.11,2,228.22,3.6,15,6,0,UPI
Sports,East,32,Female,3,59.33,1,59.33,3.3,20,7,0,UPI
Sports,West,39,Female,7,73.21,1,73.21,4.2,25,6,0,Debit Card
Sports,South,47,Male,1,76.53,1,76.53,2.9,5,7,1,UPI
Home & Kitchen,South,21,Female,3,191.77,3,575.31,4.7,0,1,0,Net Banking
Home & Kitchen,East,30,Female,6,138.7,2,277.4,4.1,5,6,0,Net Banking
Books,West,40,Male,2,29.6,1,29.6,3.7,20,3,0,Credit Card
Home & Kitchen,East,25,Female,6,206.62,5,1033.1,4.3,30,1,1,Debit Card
Books,East,35,Female,7,34.11,1,34.11,4.5,10,8,0,Credit Card
Books,South,29,Male,7,41.96,5,209.8,4.2,5,4,0,UPI
Sports,West,48,Male,11,97.56,5,487.8,3.4,10,8,0,COD
Clothing,North,31,Male,7,50.66,1,50.66,4.1,5,4,0,Net Banking
Clothing,East,51,Female,7,111.53,1,111.53,3.9,5,4,0,UPI
Electronics,North,35,Female,6,402.66,2,805.32,3.6,15,4,0,Credit Card
Home & Kitchen,South,51,Female,10,98.15,2,196.3,3.1,0,6,0,Credit Card
Electronics,South,28,Female,11,337.01,2,674.02,3.5,5,9,0,UPI
Clothing,South,58,Female,11,42.96,5,214.8,3.5,15,5,0,Credit Card
Home & Kitchen,East,29,Male,9,139.44,2,278.88,4.4,0,8,0,UPI
Clothing,South,32,Male,3,105.54,1,105.54,4.2,0,8,0,Credit Card
Home & Kitchen,South,48,Male,5,206.44,1,206.44,3.6,5,4,0,UPI
Electronics,North,46,Male,1,601.69,2,1203.38,3.7,20,9,0,Credit Card
Electronics,South,43,Female,12,262.6,1,262.6,4.4,20,9,0,COD
Sports,North,35,Female,9,89.97,3,269.91,3.9,0,5,0,Debit Card
Clothing,North,49,Male,10,41.2,1,41.2,3.9,10,6,0,UPI
Electronics,East,39,Female,5,569.17,1,569.17,3.5,5,5,0,Credit Card
Home & Kitchen,East,55,Female,11,123.66,1,123.66,3.7,15,3,0,UPI
Books,East,34,Male,4,33.93,2,67.86,4.2,15,8,0,Credit Card
Electronics,South,40,Male,1,510.26,1,510.26,3.9,20,9,0,UPI
Home & Kitchen,South,41,Male,6,133.9,3,401.7,4.2,10,4,0,Net Banking
Electronics,West,25,Male,8,338.71,2,677.42,4.3,30,9,0,Debit Card
Electronics,South,58,Female,7,614.13,3,1842.39,3.4,30,9,0,Debit Card
Home & Kitchen,South,23,Male,11,210.89,2,421.78,3.5,25,7,0,UPI
Home & Kitchen,North,22,Male,2,113.68,1,113.68,3.5,15,8,0,COD
Home & Kitchen,South,61,Female,8,141.07,3,423.21,4.5,10,3,0,COD
Books,South,46,Female,7,44.19,1,44.19,5.0,10,5,0,UPI
Beauty,South,45,Male,5,27.26,2,54.52,3.9,0,3,0,UPI
Home & Kitchen,East,28,Male,10,131.43,1,131.43,3.7,5,7,0,UPI
Clothing,East,18,Male,10,46.84,3,140.52,4.2,15,6,0,Credit Card
Books,East,60,Male,10,30.27,4,121.08,3.8,15,3,0,Debit Card
Clothing,East,36,Male,11,40.92,2,81.84,4.2,25,9,0,UPI
Clothing,West,26,Female,9,70.74,2,141.48,3.8,0,1,0,Credit Card
Electronics,East,44,Male,4,302.69,3,908.07,3.0,0,3,0,Credit Card
Electronics,West,51,Male,9,433.99,1,433.99,3.2,20,7,0,UPI
Beauty,North,61,Female,5,80.78,4,323.12,3.9,10,3,0,COD
Sports,North,21,Male,4,132.65,1,132.65,4.4,0,3,0,UPI
Books,North,53,Male,2,40.37,5,201.85,3.8,30,2,0,Debit Card
Clothing,East,35,Male,10,88.55,2,177.1,3.5,20,9,0,UPI
Electronics,West,32,Female,9,227.46,3,682.38,4.0,10,4,0,UPI
Electronics,North,30,Male,4,296.86,2,593.72,3.1,20,6,0,UPI
Clothing,West,36,Female,10,111.16,2,222.32,3.9,15,2,0,Debit Card
Home & Kitchen,North,23,Female,11,124.72,2,249.44,3.0,20,9,0,Credit Card
Books,West,29,Male,2,18.11,1,18.11,4.5,20,7,0,UPI
Home & Kitchen,South,54,Female,4,173.15,2,346.3,3.4,0,5,0,Credit Card
Clothing,North,34,Male,10,62.36,2,124.72,3.3,15,7,0,UPI
Beauty,South,40,Male,5,41.52,4,166.08,4.2,0,4,0,COD
Books,North,43,Female,8,44.94,2,89.88,4.6,0,7,0,Credit Card
Home & Kitchen,South,46,Female,2,195.57,1,195.57,4.0,25,2,0,UPI
Home & Kitchen,South,50,Female,7,130.74,1,130.74,3.9,10,7,0,UPI
Clothing,West,44,Male,10,115.46,2,230.92,3.9,20,4,0,Net Banking
Electronics,East,42,Male,9,483.05,1,483.05,4.1,20,4,0,UPI
Clothing,South,27,Female,10,96.88,1,96.88,4.0,25,1,0,Debit Card
Books,East,64,Male,11,15.95,3,47.85,4.0,20,3,0,Net Banking
Electronics,East,40,Male,10,261.07,2,522.14,4.2,10,5,0,UPI
Electronics,North,38,Male,9,475.9,2,951.8,3.5,5,5,0,UPI
Electronics,South,38,Male,1,587.59,1,587.59,4.4,0,2,0,UPI
Electronics,North,60,Female,7,471.97,2,943.94,4.3,10,4,0,Net Banking
Sports,North,30,Male,1,64.67,1,64.67,4.9,10,1,0,Credit Card
Books,East,54,Female,10,18.47,2,36.94,4.5,15,9,0,UPI
Home & Kitchen,North,50,Male,5,193.56,1,193.56,4.3,15,1,0,Debit Card
Electronics,South,41,Female,8,268.51,3,805.53,3.1,30,6,0,UPI
Home & Kitchen,East,61,Male,5,146.91,2,293.82,4.3,15,7,0,UPI
Home & Kitchen,North,28,Male,10,77.34,1,77.34,4.4,15,3,1,UPI
Electronics,East,34,Male,11,243.88,2,487.76,4.7,5,1,0,Credit Card
Clothing,North,21,Male,6,91.44,2,182.88,3.9,0,7,0,UPI
Clothing,West,64,Female,11,92.76,1,92.76,3.6,5,3,0,UPI
Home & Kitchen,South,42,Female,4,121.17,3,363.51,3.3,20,6,0,COD
Home & Kitchen,West,47,Female,7,103.05,1,103.05,3.3,5,6,0,Credit Card
Electronics,East,26,Male,11,551.76,4,2207.04,3.9,15,4,0,Net Banking
Clothing,North,38,Male,5,55.93,3,167.79,2.9,15,6,0,Debit Card
Home & Kitchen,East,37,Male,12,150.05,1,150.05,3.4,0,4,0,Credit Card
Home & Kitchen,West,36,Female,3,211.42,3,634.26,3.8,5,8,0,Debit Card
Sports,East,36,Female,1,66.08,1,66.08,3.8,10,9,1,Credit Card
Home & Kitchen,West,29,Female,11,207.49,1,207.49,3.3,10,2,0,COD
Electronics,West,54,Male,2,286.82,5,1434.1,3.3,20,7,0,Net Banking
Electronics,North,59,Female,12,448.33,2,896.66,3.4,20,9,0,Credit Card
Home & Kitchen,North,34,Male,12,126.29,2,252.58,3.7,15,9,0,Credit Card
Electronics,East,54,Female,3,615.27,1,615.27,5.0,20,5,0,UPI
Home & Kitchen,South,56,Female,7,111.39,1,111.39,4.3,15,1,0,UPI
Beauty,West,45,Female,3,48.58,5,242.9,4.2,30,6,0,UPI
Home & Kitchen,West,58,Female,6,213.53,1,213.53,4.1,5,8,0,UPI
Clothing,South,52,Male,2,80.84,1,80.84,4.3,15,1,0,Debit Card
Home & Kitchen,North,64,Female,4,144.38,2,288.76,4.1,10,2,0,Credit Card
Clothing,East,35,Male,6,59.11,2,118.22,3.6,5,1,0,Net Banking
Home & Kitchen,North,31,Female,6,173.0,2,346.0,3.4,0,5,0,Net Banking
Beauty,West,52,Male,12,27.78,1,27.78,4.0,15,2,0,UPI
Clothing,South,61,Male,10,42.86,1,42.86,4.3,5,4,0,Net Banking
Beauty,East,58,Female,10,59.37,1,59.37,4.0,5,1,0,Credit Card
Sports,North,24,Female,7,85.85,4,343.4,3.2,30,7,1,Credit Card
Electronics,East,58,Female,11,610.39,1,610.39,3.0,20,8,0,Debit Card
Electronics,South,30,Male,5,589.34,3,1768.02,3.8,20,5,0,UPI
Electronics,East,35,Female,9,509.76,3,1529.28,3.4,20,2,0,UPI
Electronics,North,54,Male,12,553.62,3,1660.86,3.7,30,8,1,COD
Electronics,East,30,Female,5,490.28,3,1470.84,4.6,15,1,0,COD
Books,West,53,Male,9,18.77,1,18.77,4.2,5,7,0,Debit Card
Electronics,North,48,Female,11,531.53,1,531.53,3.5,20,1,0,Net Banking
Clothing,North,19,Female,11,55.39,2,110.78,4.0,20,6,0,Credit Card
Sports,North,33,Female,9,83.99,1,83.99,4.8,10,6,0,Credit Card
Electronics,East,26,Male,5,554.08,2,1108.16,3.8,10,5,0,Debit Card
Sports,East,26,Male,5,105.73,2,211.46,2.6,10,2,0,UPI
Clothing,East,55,Female,1,106.08,3,318.24,4.1,25,2,1,UPI
Electronics,North,28,Male,10,299.47,1,299.47,4.1,5,9,0,UPI
Books,South,39,Female,1,33.23,4,132.92,4.2,30,5,0,Debit Card
Home & Kitchen,East,50,Male,11,84.07,1,84.07,3.7,25,5,0,Credit Card
Sports,South,53,Male,2,116.59,2,233.18,3.4,15,7,0,Debit Card
Books,West,62,Female,3,37.88,1,37.88,5.0,15,6,0,Credit Card
Sports,North,40,Female,7,110.66,3,331.98,2.9,10,2,0,Credit Card
Clothing,East,62,Female,10,59.77,1,59.77,3.6,0,1,0,UPI
Electronics,South,62,Female,3,223.16,4,892.64,3.7,0,5,0,Credit Card
Books,South,51,Male,7,18.58,4,74.32,4.6,20,4,0,COD
Sports,East,26,Female,7,114.47,3,343.41,4.4,10,3,0,Credit Card
Beauty,East,41,Male,4,77.46,1,77.46,4.0,0,2,0,Credit Card
Clothing,West,25,Female,2,55.11,3,165.33,3.9,5,2,0,UPI
Clothing,North,24,Female,11,96.33,3,288.99,3.9,25,4,0,UPI
Books,North,53,Male,7,40.99,1,40.99,4.7,10,2,0,Credit Card
Clothing,East,35,Female,1,79.63,1,79.63,4.3,25,4,0,Credit Card
Beauty,East,20,Female,10,63.14,1,63.14,3.8,5,3,0,COD
Sports,North,45,Male,12,134.13,1,134.13,4.0,10,9,0,Debit Card
Clothing,North,23,Female,8,59.33,2,118.66,4.0,0,7,0,UPI
Books,North,61,Male,7,23.91,5,119.55,4.1,10,3,0,UPI
Books,West,61,Male,11,15.02,1,15.02,4.4,15,8,0,Credit Card
Electronics,North,38,Female,12,614.5,2,1229.0,3.9,5,9,1,UPI
Sports,South,45,Female,10,144.59,5,722.95,3.9,15,7,0,Debit Card
Home & Kitchen,North,57,Female,7,182.1,1,182.1,3.1,15,6,0,COD
Sports,South,18,Female,8,59.07,3,177.21,3.3,15,4,0,Credit Card
Clothing,North,53,Female,9,73.91,2,147.82,4.2,20,5,0,Net Banking
Sports,South,38,Female,4,61.39,2,122.78,3.2,5,8,0,Credit Card
Clothing,North,60,Male,7,40.24,1,40.24,4.0,15,3,0,Credit Card
Electronics,West,52,Male,10,468.8,2,937.6,3.9,30,2,0,Credit Card
Sports,North,30,Male,9,149.0,1,149.0,4.3,25,3,0,Credit Card
Electronics,East,27,Male,6,589.2,3,1767.6,4.2,25,7,0,COD
Clothing,West,61,Female,9,93.35,1,93.35,3.6,10,8,0,UPI
Beauty,East,64,Male,2,32.22,3,96.66,4.0,20,1,0,Credit Card
Beauty,East,27,Male,6,41.8,1,41.8,3.1,15,7,0,COD
Home & Kitchen,South,63,Male,10,118.09,1,118.09,3.7,0,9,0,Net Banking
Home & Kitchen,South,30,Female,4,181.89,2,363.78,3.2,20,3,0,Debit Card
Clothing,East,54,Female,3,101.58,1,101.58,3.7,15,3,0,COD
Clothing,West,55,Female,12,69.04,3,207.12,3.5,0,8,0,Credit Card
Clothing,East,41,Female,4,71.59,5,357.95,3.4,0,4,0,Net Banking
Books,East,19,Female,4,16.34,3,49.02,4.8,20,8,0,Debit Card
Books,East,39,Female,12,23.67,1,23.67,3.6,0,5,0,Net Banking
Books,South,34,Male,10,28.54,2,57.08,3.7,0,3,0,Net Banking
Books,North,53,Female,9,18.51,2,37.02,3.9,10,4,0,UPI
Electronics,East,31,Female,11,400.37,3,1201.11,3.7,0,4,0,Net Banking
Home & Kitchen,West,27,Female,2,194.86,1,194.86,3.4,25,8,0,Credit Card
Electronics,North,52,Female,9,454.15,2,908.3,3.7,10,6,0,UPI
Home & Kitchen,East,42,Male,7,83.37,2,166.74,4.0,15,7,0,Credit Card
Clothing,North,20,Female,10,53.95,1,53.95,4.1,25,9,0,COD
Sports,East,64,Female,7,99.4,1,99.4,4.1,10,6,0,Credit Card
Clothing,North,55,Male,8,67.2,1,67.2,2.8,10,3,0,UPI
Electronics,South,34,Female,7,360.67,3,1082.01,4.1,20,3,0,UPI
Electronics,East,29,Male,7,432.29,4,1729.16,4.1,10,3,0,COD
Books,South,41,Female,10,32.53,2,65.06,3.9,5,2,0,UPI
Home & Kitchen,East,46,Female,8,186.75,1,186.75,4.6,15,1,0,Net Banking
Electronics,East,60,Male,8,353.21,1,353.21,4.4,20,1,0,Net Banking
Electronics,West,42,Female,7,548.3,5,2741.5,3.8,20,4,0,UPI
Books,North,53,Male,7,25.16,5,125.8,3.9,30,3,1,UPI
Electronics,South,43,Female,10,233.28,4,933.12,4.7,20,5,0,Debit Card
Sports,North,55,Male,10,107.53,3,322.59,3.8,20,9,0,COD
Books,West,18,Female,9,32.64,1,32.64,4.2,20,8,0,Debit Card
Electronics,West,37,Male,12,602.51,3,1807.53,3.9,0,9,0,Credit Card
Electronics,East,45,Female,10,514.95,1,514.95,5.0,10,5,0,COD
Beauty,West,33,Male,8,76.56,1,76.56,4.0,20,8,1,UPI
Clothing,South,64,Female,9,109.85,2,219.7,3.8,15,4,0,UPI
Clothing,East,34,Female,12,86.16,1,86.16,3.4,0,5,0,Net Banking
Sports,North,57,Female,8,104.83,1,104.83,3.6,5,3,0,Credit Card
Beauty,East,45,Female,10,57.1,1,57.1,3.6,5,5,0,Net Banking
Beauty,North,29,Female,9,79.83,1,79.83,3.7,15,3,0,Debit Card
Books,West,44,Male,8,38.2,4,152.8,3.3,20,5,0,COD
Clothing,East,59,Male,4,47.29,1,47.29,4.2,25,5,0,Credit Card
Electronics,East,64,Male,6,536.94,1,536.94,4.0,20,6,0,UPI
Books,North,47,Female,12,20.12,1,20.12,4.3,20,9,0,Net Banking
Home & Kitchen,South,58,Female,9,136.42,1,136.42,3.8,10,1,0,Credit Card
Clothing,North,51,Male,8,55.42,1,55.42,3.8,10,6,0,Credit Card
Sports,South,54,Female,12,121.34,2,242.68,4.6,10,1,0,COD
Electronics,North,23,Female,8,578.47,1,578.47,3.5,15,6,0,Credit Card
Home & Kitchen,West,24,Female,7,113.81,3,341.43,3.9,0,2,0,COD
Electronics,East,49,Male,10,244.44,5,1222.2,4.0,15,8,0,Credit Card
Clothing,South,49,Male,9,62.28,2,124.56,4.4,15,3,0,UPI
Electronics,South,42,Female,4,492.39,1,492.39,4.1,10,6,0,Debit Card
Electronics,South,50,Female,7,348.08,1,348.08,4.1,25,6,0,Debit Card
Electronics,East,24,Male,7,326.81,3,980.43,3.3,15,4,0,Debit Card
Home & Kitchen,South,29,Female,6,98.56,2,197.12,3.4,5,5,1,UPI
Books,West,33,Female,7,29.93,3,89.79,3.6,10,2,0,Net Banking
Home & Kitchen,South,33,Female,6,111.74,3,335.22,2.6,15,8,0,Credit Card
Beauty,West,60,Female,4,66.47,4,265.88,4.3,5,7,0,UPI
Clothing,West,53,Male,6,44.98,4,179.92,3.7,0,6,0,Credit Card
Clothing,North,30,Male,2,90.79,2,181.58,4.0,15,7,0,Debit Card
Sports,West,24,Female,8,75.23,1,75.23,3.8,25,1,0,Credit Card
Electronics,North,53,Male,11,415.5,5,2077.5,4.0,10,5,0,UPI
Beauty,West,64,Male,9,42.45,2,84.9,4.8,25,7,0,UPI
Electronics,South,26,Male,6,513.56,1,513.56,3.9,20,1,0,Credit Card
Beauty,West,49,Male,2,78.05,2,156.1,4.4,0,2,0,Credit Card
Electronics,West,28,Male,4,595.17,2,1190.34,3.7,15,9,0,Debit Card
Sports,West,25,Male,8,110.51,4,442.04,4.2,10,3,0,UPI
Home & Kitchen,East,50,Male,4,138.62,2,277.24,3.2,5,6,0,Net Banking
Beauty,South,40,Male,8,71.19,1,71.19,3.2,15,7,0,Debit Card
Electronics,North,42,Female,4,497.0,5,2485.0,5.0,20,9,0,Credit Card
Home & Kitchen,South,25,Female,11,98.43,3,295.29,4.7,0,5,0,Debit Card
Beauty,North,62,Female,6,71.33,2,142.66,3.1,25,4,0,Credit Card
Home & Kitchen,East,39,Male,4,133.76,1,133.76,3.8,20,2,0,Net Banking
Home & Kitchen,South,21,Male,10,99.21,1,99.21,3.9,25,3,0,COD
Books,West,57,Female,5,23.45,2,46.9,4.6,5,5,0,UPI
Clothing,East,20,Female,2,59.87,1,59.87,4.7,25,2,0,Debit Card
Home & Kitchen,West,46,Male,8,146.77,1,146.77,3.3,10,4,0,Credit Card
Home & Kitchen,North,58,Male,8,105.75,2,211.5,3.3,0,1,0,UPI
Sports,West,46,Female,9,63.6,2,127.2,3.8,20,4,0,Net Banking
Electronics,West,51,Male,4,261.95,1,261.95,3.4,15,7,0,Credit Card
Clothing,South,51,Male,7,84.5,1,84.5,2.4,15,3,0,Credit Card
Beauty,East,45,Female,5,66.68,1,66.68,4.0,10,8,0,UPI
Sports,East,30,Female,2,83.8,3,251.4,4.2,0,6,0,Debit Card
Clothing,North,32,Male,11,41.7,1,41.7,3.8,15,6,0,UPI
Home & Kitchen,South,40,Male,9,90.32,1,90.32,4.1,10,1,0,COD
Clothing,South,61,Female,5,110.35,2,220.7,4.0,15,5,0,Credit Card
Electronics,North,43,Male,8,417.29,5,2086.45,3.4,10,3,0,UPI
Clothing,South,21,Male,4,74.38,2,148.76,3.8,30,1,0,Debit Card
Clothing,North,43,Male,11,41.97,1,41.97,3.0,15,8,0,Credit Card
Home & Kitchen,North,57,Female,2,176.92,1,176.92,3.5,20,7,0,Debit Card
Electronics,North,26,Male,1,431.79,3,1295.37,3.9,25,7,0,Credit Card
Beauty,West,22,Female,7,37.91,1,37.91,4.1,15,4,0,Credit Card
Beauty,East,49,Female,8,32.94,2,65.88,3.5,0,6,0,Credit Card
Books,West,37,Female,8,26.5,1,26.5,3.7,0,9,0,COD
Home & Kitchen,South,28,Female,1,192.55,1,192.55,3.9,15,3,0,UPI
Clothing,South,32,Male,5,106.49,3,319.47,4.2,5,9,0,Net Banking
Sports,South,49,Male,7,112.49,2,224.98,3.7,15,4,0,UPI
Books,South,45,Male,4,36.83,2,73.66,4.1,5,5,0,Debit Card
Electronics,North,39,Male,11,258.37,1,258.37,4.4,5,7,0,UPI
Sports,East,58,Female,2,110.99,1,110.99,3.4,10,6,0,COD
Sports,North,34,Male,7,119.03,2,238.06,4.7,30,8,0,Debit Card
Beauty,East,43,Male,9,37.84,2,75.68,3.4,15,8,0,Debit Card
Books,East,61,Male,4,41.4,1,41.4,4.7,25,8,0,Credit Card
Home & Kitchen,North,24,Female,8,100.08,1,100.08,4.1,25,3,0,UPI
Clothing,North,59,Male,10,63.45,1,63.45,5.0,5,6,0,UPI
Beauty,East,43,Male,4,60.51,5,302.55,3.5,5,7,0,COD
Sports,South,42,Male,11,116.11,3,348.33,2.6,20,9,1,Credit Card
Electronics,North,27,Female,8,503.74,4,2014.96,4.5,20,4,0,Credit Card
Electronics,West,62,Female,5,257.04,1,257.04,3.2,10,5,0,UPI
Clothing,North,36,Male,6,105.26,5,526.3,4.1,30,8,0,Credit Card
Sports,East,28,Male,5,105.35,1,105.35,4.4,0,1,0,Credit Card
Beauty,West,30,Male,9,52.45,2,104.9,4.3,5,6,0,Net Banking
Electronics,North,25,Male,10,622.06,3,1866.18,4.0,15,4,0,UPI
Home & Kitchen,North,57,Female,11,178.61,1,178.61,4.0,10,5,0,Net Banking
Clothing,North,21,Female,12,48.2,1,48.2,4.2,0,5,0,Net Banking
Beauty,South,64,Male,10,67.85,1,67.85,4.4,10,2,0,Credit Card
Sports,North,48,Female,8,60.72,1,60.72,3.2,0,8,0,UPI
Sports,East,45,Male,5,53.8,2,107.6,4.7,15,2,0,Credit Card
Clothing,North,28,Female,8,70.48,2,140.96,3.8,25,4,0,COD
Clothing,South,60,Female,1,116.5,3,349.5,4.1,25,5,0,UPI
Clothing,West,18,Male,10,52.64,2,105.28,4.2,15,1,0,UPI
Electronics,West,64,Female,7,492.51,2,985.02,4.5,10,6,0,UPI
Sports,East,55,Male,1,68.69,1,68.69,4.3,10,2,0,UPI
Sports,South,41,Male,2,124.93,1,124.93,3.9,0,5,0,Credit Card
Beauty,East,64,Male,6,54.29,5,271.45,4.1,5,6,0,UPI
Beauty,South,48,Male,8,63.72,1,63.72,4.3,0,8,0,Net Banking
Home & Kitchen,South,58,Female,7,101.21,2,202.42,4.4,20,9,0,Net Banking
Books,North,63,Female,8,37.37,1,37.37,3.6,25,6,0,UPI
Beauty,West,43,Female,7,80.76,2,161.52,4.4,10,5,0,UPI
Sports,South,22,Female,9,118.9,2,237.8,3.4,15,4,0,Net Banking
Electronics,North,37,Female,4,417.26,1,417.26,4.8,0,2,0,Credit Card
Clothing,South,58,Male,2,111.01,1,111.01,4.0,15,2,0,COD
Electronics,South,28,Male,8,216.66,2,433.32,3.7,15,7,0,Credit Card
Beauty,West,50,Male,7,66.42,1,66.42,4.3,10,5,0,Debit Card
Home & Kitchen,East,55,Female,1,199.98,1,199.98,3.8,5,7,0,Debit Card
Electronics,East,44,Female,6,235.9,2,471.8,3.8,20,1,0,UPI
Books,North,51,Male,2,28.5,1,28.5,3.3,20,1,0,Net Banking
Home & Kitchen,South,32,Female,7,101.48,3,304.44,3.3,25,5,0,Credit Card
Clothing,South,49,Female,6,83.19,2,166.38,3.7,20,2,0,UPI
Electronics,North,38,Female,8,482.81,1,482.81,3.1,30,8,0,UPI
Books,North,63,Male,10,24.08,2,48.16,3.9,0,3,0,Net Banking
Home & Kitchen,East,22,Male,5,138.24,2,276.48,3.6,0,1,0,Credit Card
Books,North,23,Male,12,23.38,1,23.38,3.8,5,2,0,Net Banking
Home & Kitchen,East,55,Male,7,125.19,1,125.19,4.2,0,7,0,UPI
Sports,North,39,Male,8,67.27,1,67.27,3.4,10,6,0,Credit Card
Home & Kitchen,North,35,Female,9,199.52,1,199.52,3.8,15,8,0,Debit Card
Home & Kitchen,North,31,Male,9,73.44,1,73.44,3.6,15,7,0,Credit Card
Sports,West,27,Female,7,141.01,1,141.01,3.7,5,8,0,UPI
Clothing,West,63,Female,6,83.59,1,83.59,4.6,25,3,0,Credit Card
Electronics,West,30,Female,1,349.3,2,698.6,4.0,0,6,0,UPI
Electronics,South,48,Male,1,513.68,2,1027.36,4.1,5,7,0,Debit Card
Books,North,47,Female,6,30.23,2,60.46,3.8,15,1,0,UPI
Home & Kitchen,East,20,Female,5,143.87,3,431.61,4.1,20,1,0,UPI
Books,South,47,Male,6,18.3,3,54.9,4.5,10,7,0,UPI
Electronics,West,23,Male,3,373.6,2,747.2,4.1,0,3,0,Credit Card
Electronics,North,46,Female,10,311.25,2,622.5,3.3,15,3,0,UPI
Electronics,South,25,Male,11,216.59,1,216.59,3.6,0,5,0,COD
Clothing,North,61,Male,12,67.09,4,268.36,4.5,0,6,0,Net Banking
Home & Kitchen,South,62,Male,7,84.93,1,84.93,3.5,15,2,0,Credit Card
Clothing,East,60,Male,9,59.03,1,59.03,4.6,5,3,0,Credit Card
Clothing,South,61,Female,11,46.22,2,92.44,3.5,5,6,0,COD
Sports,South,50,Male,6,61.3,1,61.3,3.9,10,3,0,UPI
Clothing,South,34,Female,5,54.52,1,54.52,3.7,30,5,0,UPI
Home & Kitchen,South,28,Female,12,215.98,2,431.96,3.4,30,9,0,Net Banking
Books,East,30,Female,7,15.07,2,30.14,3.8,10,3,0,UPI
Clothing,West,28,Female,7,88.82,2,177.64,3.4,5,6,0,UPI
Home & Kitchen,West,48,Female,3,92.34,3,277.02,3.9,5,5,0,COD
Sports,East,45,Male,2,144.9,1,144.9,4.2,5,5,0,Debit Card
Beauty,South,61,Female,11,32.06,1,32.06,4.1,10,6,0,Credit Card
Electronics,East,23,Female,8,611.13,2,1222.26,3.9,15,6,0,Credit Card
Beauty,South,58,Female,5,59.99,1,59.99,4.7,10,1,0,Credit Card
Home & Kitchen,North,33,Female,4,72.18,2,144.36,3.8,10,9,0,Net Banking
Clothing,West,21,Male,8,108.73,1,108.73,3.5,5,5,0,Credit Card
Clothing,North,52,Male,8,79.69,2,159.38,3.3,10,1,0,Credit Card
Beauty,West,43,Female,4,41.18,2,82.36,4.7,5,8,0,COD
Home & Kitchen,South,29,Male,11,182.49,2,364.98,3.6,10,7,0,Credit Card
Clothing,East,28,Female,2,111.28,2,222.56,3.5,15,7,0,Credit Card
Home & Kitchen,East,54,Male,6,141.65,2,283.3,3.5,15,5,0,Credit Card
Electronics,West,42,Male,9,342.53,1,342.53,4.5,10,1,0,Credit Card
Electronics,East,35,Male,5,541.36,1,541.36,3.6,15,9,0,UPI
Electronics,East,36,Male,10,496.35,1,496.35,4.4,5,9,0,COD
Electronics,North,40,Female,10,583.28,1,583.28,3.8,0,8,0,Net Banking
Electronics,South,55,Male,10,500.86,1,500.86,3.3,15,5,0,UPI
Electronics,North,35,Female,2,312.28,2,624.56,3.7,5,3,0,UPI
Home & Kitchen,East,43,Female,3,206.16,1,206.16,3.8,15,8,0,UPI
Electronics,South,23,Male,5,254.03,2,508.06,3.8,20,1,0,Credit Card
Clothing,East,21,Female,7,59.9,3,179.7,3.7,25,3,0,Credit Card
Sports,North,61,Female,10,104.06,1,104.06,3.6,25,7,0,COD
Home & Kitchen,North,46,Female,11,153.47,1,153.47,3.4,0,4,0,Credit Card
Home & Kitchen,East,51,Male,9,74.2,1,74.2,3.8,30,7,0,Credit Card
Electronics,North,34,Female,12,537.84,2,1075.68,4.2,15,5,0,UPI
Electronics,North,60,Female,10,361.88,1,361.88,3.2,15,6,0,UPI
Electronics,North,60,Male,5,380.7,1,380.7,4.5,0,7,0,Credit Card
Electronics,West,33,Male,4,549.94,2,1099.88,2.1,20,7,1,Credit Card
Clothing,East,19,Female,9,68.58,1,68.58,3.8,0,7,1,UPI
Electronics,South,51,Male,4,229.83,2,459.66,4.1,20,7,0,Debit Card
Electronics,South,25,Female,2,284.1,2,568.2,3.6,0,7,0,Credit Card
Electronics,South,30,Male,7,611.48,2,1222.96,2.8,15,3,0,UPI
Clothing,East,59,Female,10,44.49,1,44.49,3.8,10,3,0,UPI
Electronics,East,25,Female,2,359.07,3,1077.21,4.0,5,7,0,COD
Clothing,North,47,Male,10,78.25,2,156.5,3.2,0,2,0,UPI
Home & Kitchen,North,49,Male,10,143.03,1,143.03,3.4,10,2,0,Credit Card
Books,North,53,Female,7,15.12,1,15.12,4.7,0,3,0,UPI
Electronics,East,64,Female,1,420.49,1,420.49,4.0,10,4,0,Debit Card
Books,East,47,Female,3,26.51,3,79.53,3.4,15,6,0,Credit Card
Home & Kitchen,North,18,Male,9,211.98,3,635.94,4.0,20,8,0,UPI
Electronics,North,60,Male,9,276.85,2,553.7,3.4,15,7,0,Credit Card
Sports,North,56,Male,11,87.12,3,261.36,3.4,0,4,0,Credit Card
Beauty,West,34,Female,8,49.65,1,49.65,4.2,5,2,0,UPI
Electronics,South,37,Male,3,374.09,1,374.09,4.0,5,2,0,Credit Card
Clothing,East,41,Male,3,90.93,4,363.72,3.6,25,4,0,Net Banking
Sports,East,39,Female,9,72.98,3,218.94,3.5,20,6,0,Debit Card
Books,South,46,Female,3,21.63,2,43.26,4.1,10,3,0,UPI
Electronics,North,39,Male,5,516.27,3,1548.81,3.5,0,6,0,UPI
Electronics,North,61,Male,7,420.12,4,1680.48,4.4,25,5,0,UPI
Clothing,East,26,Female,1,71.38,3,214.14,3.0,25,5,0,Credit Card
Home & Kitchen,East,54,Female,4,96.37,3,289.11,3.7,20,2,0,COD
Home & Kitchen,East,27,Male,6,99.0,3,297.0,3.1,20,8,0,COD
Clothing,East,53,Female,5,39.82,1,39.82,4.3,10,5,0,Credit Card
Clothing,North,54,Female,3,46.13,3,138.39,3.7,0,2,0,Credit Card
Books,West,45,Male,9,31.71,1,31.71,3.7,10,7,0,Credit Card
Electronics,East,45,Male,10,584.59,4,2338.36,4.2,10,9,0,Debit Card
Clothing,South,59,Male,4,61.4,2,122.8,2.7,10,9,0,Debit Card
Books,West,60,Female,10,24.83,2,49.66,4.3,10,1,0,Net Banking
Sports,East,38,Male,6,62.79,2,125.58,4.4,5,7,0,Debit Card
Home & Kitchen,East,41,Female,7,127.96,1,127.96,3.9,10,9,0,UPI
Home & Kitchen,East,59,Female,11,77.36,1,77.36,3.5,10,6,0,Debit Card
Electronics,West,57,Male,10,595.39,5,2976.95,3.3,0,1,0,Debit Card
Clothing,East,19,Female,10,91.5,5,457.5,4.3,10,2,0,UPI
Home & Kitchen,North,25,Female,3,214.67,1,214.67,4.3,20,4,0,UPI
Electronics,South,44,Male,2,580.79,5,2903.95,3.6,20,4,0,Debit Card
Clothing,West,39,Male,11,75.89,3,227.67,3.5,10,2,0,UPI
Clothing,North,54,Male,6,79.54,2,159.08,4.4,10,8,0,Debit Card
Electronics,South,44,Female,5,290.04,1,290.04,4.2,0,2,1,Debit Card
Clothing,South,46,Female,9,75.04,4,300.16,2.9,15,3,0,Debit Card
Electronics,South,20,Male,11,589.27,2,1178.54,3.8,10,4,0,Debit Card
Clothing,East,61,Female,11,42.97,3,128.91,3.7,10,9,0,UPI
Electronics,West,30,Female,5,572.69,3,1718.07,4.0,20,1,0,Debit Card
Sports,North,62,Female,11,85.78,3,257.34,3.8,10,8,0,UPI
Home & Kitchen,North,27,Male,1,201.53,2,403.06,3.5,0,5,0,Credit Card
Books,North,53,Male,1,43.23,1,43.23,4.3,5,7,1,Credit Card
Books,West,26,Male,8,35.13,1,35.13,4.0,10,8,0,UPI
Home & Kitchen,East,44,Female,2,167.68,1,167.68,5.0,10,5,0,Debit Card
Electronics,South,51,Male,5,400.16,1,400.16,4.0,20,8,0,COD
Home & Kitchen,West,18,Female,9,192.32,2,384.64,3.8,10,8,0,UPI
Home & Kitchen,West,49,Male,5,210.47,2,420.94,4.7,15,9,0,UPI
Books,West,42,Male,3,38.25,3,114.75,3.5,10,2,0,Credit Card
Clothing,West,46,Male,5,87.51,1,87.51,3.7,10,3,0,Credit Card
Electronics,North,24,Female,7,464.85,2,929.7,3.4,10,1,0,Net Banking
Clothing,East,20,Male,7,105.26,1,105.26,4.1,10,4,0,Credit Card
Clothing,South,37,Male,10,81.21,1,81.21,3.6,10,5,0,Debit Card
Home & Kitchen,West,37,Female,10,187.76,1,187.76,4.1,5,1,0,Debit Card
Home & Kitchen,East,47,Male,7,145.28,2,290.56,4.1,25,8,0,UPI
Clothing,East,52,Male,11,43.87,1,43.87,4.2,5,2,0,Net Banking
Beauty,East,52,Female,2,47.73,2,95.46,4.4,0,1,0,UPI
Home & Kitchen,North,56,Male,4,136.0,1,136.0,3.7,0,2,0,Credit Card
Electronics,East,44,Male,10,269.48,3,808.44,3.2,0,5,0,COD
Electronics,West,43,Male,6,253.05,3,759.15,4.4,10,9,0,Net Banking
Electronics,West,31,Male,12,434.9,4,1739.6,4.6,0,9,0,Credit Card
Electronics,North,34,Male,7,245.76,3,737.28,3.4,0,2,0,Credit Card
Electronics,North,35,Male,10,337.24,4,1348.96,4.3,10,2,0,Credit Card
Electronics,North,62,Male,6,522.73,3,1568.19,3.3,15,3,0,Credit Card
Clothing,East,46,Male,6,114.23,2,228.46,3.9,0,7,0,COD
Electronics,West,37,Female,6,511.51,1,511.51,4.1,10,3,0,UPI
Sports,North,44,Male,9,152.25,1,152.25,3.6,20,1,0,UPI
Electronics,South,35,Male,8,503.3,1,503.3,3.9,30,6,0,COD
Home & Kitchen,West,21,Female,12,114.31,2,228.62,4.2,15,3,0,UPI
Clothing,East,18,Female,4,91.42,2,182.84,3.7,5,1,0,UPI
Beauty,East,18,Male,2,64.92,3,194.76,3.8,15,4,0,COD
Electronics,East,43,Female,6,366.13,4,1464.52,3.3,15,1,0,Net Banking
Clothing,South,62,Male,8,40.38,1,40.38,3.6,5,1,0,Net Banking
Beauty,South,37,Male,11,64.97,2,129.94,3.5,20,2,0,UPI
Sports,East,40,Female,5,53.21,5,266.05,3.6,10,8,0,Net Banking
Sports,East,27,Male,9,115.38,1,115.38,3.6,30,2,0,Credit Card
Clothing,West,28,Male,6,51.76,3,155.28,4.2,15,2,0,UPI
Electronics,East,58,Male,8,447.55,1,447.55,3.9,15,8,0,COD
Home & Kitchen,East,58,Female,11,144.56,2,289.12,5.0,15,6,0,Credit Card
Beauty,North,22,Male,4,27.73,1,27.73,3.1,10,4,0,Net Banking
Home & Kitchen,South,18,Female,6,124.25,3,372.75,4.0,10,3,0,UPI
Home & Kitchen,North,34,Male,12,158.56,2,317.12,3.6,20,1,0,Credit Card
Clothing,North,39,Female,11,105.19,1,105.19,3.3,15,3,0,Net Banking
Books,East,51,Female,8,41.66,1,41.66,4.2,25,9,1,Credit Card
Electronics,West,62,Female,7,413.22,2,826.44,3.8,25,5,1,Debit Card
Clothing,North,58,Female,5,95.82,5,479.1,4.3,30,6,0,Credit Card
Clothing,South,46,Female,7,63.68,3,191.04,3.8,15,5,0,COD
Home & Kitchen,West,21,Male,11,121.27,2,242.54,3.5,10,1,0,Credit Card
Electronics,North,22,Male,9,291.67,1,291.67,4.1,0,1,0,Credit Card
Electronics,East,28,Male,5,446.02,2,892.04,3.8,15,4,0,Credit Card
Home & Kitchen,East,38,Female,4,117.3,2,234.6,3.2,5,3,0,COD
Clothing,East,52,Female,4,45.58,3,136.74,3.7,5,8,1,Debit Card
Home & Kitchen,North,29,Male,3,170.64,1,170.64,3.9,5,7,0,Debit Card
Electronics,South,43,Male,2,507.26,2,1014.52,3.9,20,7,0,UPI
Home & Kitchen,East,36,Male,6,123.84,2,247.68,4.0,20,8,0,UPI
Home & Kitchen,East,62,Female,2,83.05,4,332.2,3.5,15,7,0,Credit Card
Electronics,North,24,Male,3,389.05,4,1556.2,4.1,10,2,0,UPI
Clothing,East,64,Female,8,73.5,3,220.5,3.9,15,4,0,Credit Card
Electronics,North,24,Female,3,490.84,2,981.68,4.0,15,6,0,COD
Electronics,East,43,Male,2,342.47,1,342.47,3.9,10,3,0,Net Banking
Beauty,North,57,Male,5,63.86,3,191.58,5.0,10,3,0,UPI
Clothing,West,22,Male,4,106.98,1,106.98,4.4,10,6,0,Credit Card
Sports,South,38,Male,7,75.22,1,75.22,3.9,15,1,0,Net Banking
Clothing,South,31,Male,2,115.36,1,115.36,3.4,15,1,0,Credit Card
Books,North,21,Male,10,26.59,3,79.77,4.1,10,5,0,Credit Card
Books,South,40,Female,11,23.02,1,23.02,5.0,30,1,0,Credit Card
Home & Kitchen,West,59,Male,10,132.7,2,265.4,3.5,0,8,0,UPI
Home & Kitchen,West,37,Male,7,85.59,2,171.18,3.7,5,2,0,Net Banking
Clothing,South,32,Female,11,48.81,1,48.81,3.7,10,6,0,UPI
Clothing,South,62,Female,9,71.33,1,71.33,4.0,0,5,0,Credit Card
Beauty,East,46,Male,1,68.17,3,204.51,3.9,10,4,0,UPI
Sports,West,25,Female,6,142.83,3,428.49,3.9,5,1,0,Debit Card
Beauty,East,58,Male,11,62.9,1,62.9,3.9,10,3,0,Credit Card
Electronics,South,36,Female,5,254.19,3,762.57,4.6,5,4,0,Credit Card
Books,South,56,Female,1,35.16,3,105.48,3.9,15,2,0,COD
Beauty,East,63,Female,10,61.31,1,61.31,4.6,10,2,0,COD
Electronics,North,45,Male,10,548.42,2,1096.84,3.6,0,2,0,COD
Electronics,East,63,Female,3,556.6,5,2783.0,3.5,20,1,1,Net Banking
Books,South,44,Male,7,41.05,2,82.1,3.8,0,2,0,Credit Card
Home & Kitchen,East,21,Male,4,131.63,1,131.63,2.9,20,6,0,Credit Card
Sports,North,32,Male,9,122.18,4,488.72,4.0,25,3,0,UPI
Electronics,East,52,Male,5,322.67,2,645.34,3.3,5,5,0,UPI
Books,South,54,Male,5,44.98,1,44.98,4.0,25,1,1,COD
Electronics,East,18,Female,11,283.64,2,567.28,4.3,20,8,0,Net Banking
Electronics,North,20,Female,7,214.25,2,428.5,4.3,25,4,1,Debit Card
Electronics,East,64,Male,9,272.5,3,817.5,3.2,15,9,0,Credit Card
Sports,East,41,Male,6,130.14,2,260.28,4.0,5,4,0,COD
Home & Kitchen,East,44,Male,5,136.34,1,136.34,4.4,25,2,0,Net Banking
Home & Kitchen,East,57,Male,8,136.44,2,272.88,3.5,0,3,0,Credit Card
Clothing,East,53,Male,3,113.49,2,226.98,4.1,5,5,0,Net Banking
Sports,West,51,Female,6,144.8,1,144.8,3.2,5,6,0,Credit Card
Clothing,North,46,Male,4,63.27,2,126.54,4.0,5,7,0,Credit Card
Sports,West,41,Male,9,72.32,3,216.96,3.9,10,4,0,Debit Card
Clothing,South,41,Male,12,105.18,1,105.18,4.1,15,7,0,Debit Card
Clothing,North,59,Female,12,109.67,2,219.34,4.1,25,3,0,Credit Card
Clothing,North,21,Female,7,81.24,1,81.24,3.1,0,7,0,UPI
Clothing,South,20,Female,4,88.1,1,88.1,3.9,25,4,0,COD
Books,East,51,Female,7,22.71,1,22.71,4.9,25,8,0,Debit Card
Home & Kitchen,East,40,Male,11,187.32,1,187.32,2.7,0,9,0,Debit Card
Electronics,East,40,Male,4,475.49,3,1426.47,4.4,10,7,0,Credit Card
Sports,South,62,Female,12,102.36,1,102.36,4.6,20,8,0,Credit Card
Clothing,South,22,Male,5,43.69,2,87.38,3.1,15,8,0,Credit Card
Home & Kitchen,North,48,Female,12,203.89,1,203.89,3.5,20,2,0,Credit Card
Sports,South,58,Male,11,113.78,4,455.12,4.1,15,9,0,Credit Card
Home & Kitchen,South,23,Male,10,99.75,2,199.5,3.4,10,6,0,Credit Card
Electronics,North,54,Female,5,464.68,2,929.36,4.6,0,4,0,UPI
Beauty,North,27,Female,1,63.58,1,63.58,4.6,15,5,0,UPI
Home & Kitchen,East,57,Female,6,147.71,1,147.71,3.1,0,5,0,Net Banking
Clothing,East,24,Male,5,95.01,1,95.01,3.4,15,7,0,Credit Card
Electronics,West,56,Male,1,454.21,4,1816.84,4.3,20,9,0,UPI
Books,West,55,Male,7,43.43,2,86.86,4.6,15,7,0,Credit Card
Home & Kitchen,East,38,Male,6,79.73,2,159.46,4.9,30,9,0,UPI
Home & Kitchen,South,37,Male,8,87.3,2,174.6,3.4,10,4,0,Credit Card
Sports,East,20,Male,8,68.71,1,68.71,4.5,20,4,0,COD
Books,East,39,Male,3,35.71,2,71.42,3.7,15,6,0,Net Banking
Electronics,North,64,Male,12,481.15,2,962.3,4.2,30,8,0,UPI
Clothing,South,21,Male,3,108.58,2,217.16,4.2,15,9,0,Credit Card
Electronics,West,45,Male,7,517.81,2,1035.62,2.4,0,1,1,Debit Card
Books,South,29,Male,7,30.25,1,30.25,4.7,25,1,0,Debit Card
Electronics,East,55,Male,10,626.57,1,626.57,4.6,15,8,0,Credit Card
Home & Kitchen,East,53,Male,2,110.32,3,330.96,4.3,0,7,0,UPI
Books,North,64,Female,6,40.0,2,80.0,5.0,15,9,0,Net Banking
Sports,South,58,Male,8,94.53,1,94.53,4.3,25,3,1,Net Banking
Clothing,South,22,Male,4,89.6,4,358.4,3.5,15,5,0,Net Banking
Sports,North,30,Male,8,125.18,1,125.18,4.4,10,3,0,Net Banking
Electronics,North,40,Female,12,476.18,3,1428.54,3.6,20,5,0,COD
Sports,West,47,Female,12,65.33,5,326.65,3.8,20,1,0,UPI
Electronics,North,54,Female,1,396.04,3,1188.12,4.3,10,4,0,UPI
Clothing,South,42,Female,4,82.79,3,248.37,4.0,0,6,0,Net Banking
Books,South,44,Male,5,40.47,1,40.47,4.9,5,2,0,Debit Card
Electronics,West,31,Female,6,396.33,1,396.33,5.0,20,7,0,COD
Electronics,North,64,Female,4,595.87,2,1191.74,3.3,20,8,0,Credit Card
Books,South,53,Male,4,28.21,1,28.21,4.0,5,1,0,UPI
Books,West,56,Male,12,31.46,1,31.46,4.4,10,4,0,Credit Card
Home & Kitchen,West,33,Male,11,186.67,3,560.01,3.6,0,4,0,Credit Card
Books,North,39,Female,1,32.49,1,32.49,4.2,15,5,0,Credit Card
Home & Kitchen,West,38,Female,5,210.27,4,841.08,4.2,0,4,0,Debit Card
Clothing,South,38,Female,6,90.51,3,271.53,4.1,0,9,0,Credit Card
Clothing,South,25,Male,4,79.77,3,239.31,3.9,0,7,0,Debit Card
Electronics,North,33,Male,8,219.91,3,659.73,4.0,15,2,0,Debit Card
Sports,North,48,Male,9,93.2,3,279.6,3.7,10,1,0,Credit Card
Home & Kitchen,East,59,Male,11,115.09,3,345.27,4.5,5,9,0,Credit Card
Clothing,South,27,Female,10,97.35,2,194.7,4.6,25,1,0,Debit Card
Clothing,South,49,Female,8,55.25,1,55.25,4.3,0,6,0,Net Banking
Beauty,East,51,Male,9,38.08,3,114.24,3.5,10,2,0,Net Banking
Electronics,East,26,Female,5,289.6,3,868.8,3.8,25,4,1,Net Banking
Home & Kitchen,North,34,Male,8,90.09,2,180.18,3.9,10,6,0,COD
Home & Kitchen,East,28,Female,7,116.79,1,116.79,3.3,15,5,0,Debit Card
Home & Kitchen,North,49,Male,3,199.57,2,399.14,3.8,0,6,0,COD
Electronics,East,27,Male,4,535.47,1,535.47,3.9,20,3,0,Net Banking
Sports,East,39,Male,5,126.0,4,504.0,4.3,10,5,0,COD
Beauty,West,34,Male,12,70.06,5,350.3,3.9,20,2,0,Credit Card
Home & Kitchen,North,21,Male,4,110.8,1,110.8,4.4,5,7,0,COD
Books,North,64,Female,5,41.62,2,83.24,3.7,10,3,0,UPI
Beauty,South,42,Female,6,34.41,1,34.41,3.7,20,1,0,Net Banking
Books,North,38,Female,9,25.09,2,50.18,4.0,30,8,0,Credit Card
Electronics,North,54,Male,2,456.43,1,456.43,3.9,0,8,0,UPI
Home & Kitchen,West,55,Female,12,86.82,2,173.64,2.6,20,3,0,Credit Card
Home & Kitchen,North,18,Male,11,177.14,1,177.14,4.0,5,7,0,Credit Card
Clothing,North,42,Male,8,69.21,1,69.21,4.7,15,9,0,Credit Card
Books,East,53,Female,9,38.53,1,38.53,4.5,5,8,0,Net Banking
Beauty,South,34,Female,1,53.62,1,53.62,4.0,15,3,1,Credit Card
Beauty,East,58,Male,5,36.77,2,73.54,3.6,10,2,0,UPI
Clothing,North,41,Male,10,96.31,1,96.31,2.9,5,7,0,Credit Card
Electronics,South,19,Female,2,315.9,2,631.8,3.1,0,7,0,Debit Card
Beauty,North,57,Male,5,53.5,3,160.5,4.0,0,9,0,Credit Card
Sports,North,32,Male,8,58.7,3,176.1,4.9,25,5,1,Credit Card
Electronics,West,49,Male,4,469.5,3,1408.5,2.5,30,4,1,UPI
Beauty,North,56,Male,12,62.96,4,251.84,4.5,20,8,0,Debit Card
Sports,East,23,Male,3,89.62,1,89.62,3.5,5,4,0,Credit Card
Home & Kitchen,South,18,Male,10,209.44,1,209.44,3.6,10,4,0,Credit Card
Home & Kitchen,South,64,Female,7,197.88,2,395.76,3.3,20,2,0,Credit Card
Clothing,West,40,Male,10,94.22,4,376.88,3.1,30,1,0,COD
Electronics,North,56,Female,5,509.73,5,2548.65,4.0,10,4,0,UPI
Clothing,East,34,Female,7,58.69,1,58.69,3.9,20,7,0,Debit Card
Sports,West,51,Female,11,118.0,1,118.0,4.1,30,9,0,Credit Card
Electronics,East,58,Male,7,293.25,1,293.25,3.1,20,9,0,UPI
Clothing,West,46,Male,6,50.23,3,150.69,4.2,5,1,0,Credit Card
Clothing,North,26,Female,7,116.96,2,233.92,4.2,0,5,0,Credit Card
Home & Kitchen,South,30,Female,9,161.62,1,161.62,4.0,10,7,0,UPI
Sports,North,23,Male,7,94.96,2,189.92,3.6,10,7,0,UPI
Clothing,East,23,Female,12,61.48,2,122.96,4.0,5,6,1,Credit Card
Clothing,West,37,Male,5,86.11,3,258.33,3.7,5,4,0,Debit Card
Books,North,20,Male,7,16.49,1,16.49,4.7,20,3,0,COD
Clothing,East,34,Male,10,46.39,4,185.56,3.6,10,9,0,UPI
Electronics,North,29,Male,9,223.8,2,447.6,4.0,5,4,0,Debit Card
Clothing,East,64,Male,11,77.94,3,233.82,2.9,15,8,0,COD
Electronics,South,62,Female,12,462.25,3,1386.75,4.1,15,1,0,Net Banking
Electronics,West,18,Female,6,236.24,1,236.24,3.5,20,7,0,UPI
Home & Kitchen,East,34,Male,2,175.86,1,175.86,4.1,0,6,0,Debit Card
Clothing,South,20,Male,1,56.97,2,113.94,4.2,20,1,0,Credit Card
Sports,North,43,Male,9,120.89,1,120.89,3.5,15,4,0,UPI
Clothing,North,32,Male,11,115.59,3,346.77,3.8,0,5,0,Credit Card
Home & Kitchen,North,53,Female,4,171.52,2,343.04,3.9,20,8,0,Credit Card
Home & Kitchen,North,49,Female,3,199.18,3,597.54,4.0,10,4,0,UPI
Electronics,West,49,Female,2,608.24,1,608.24,4.3,5,3,0,Credit Card
Home & Kitchen,East,21,Female,10,142.09,1,142.09,4.1,10,2,0,Debit Card
Electronics,South,35,Male,5,504.98,2,1009.96,3.7,5,4,0,UPI
Beauty,North,36,Male,6,73.01,1,73.01,4.9,5,4,0,UPI
Electronics,West,60,Male,7,359.78,2,719.56,4.3,20,5,0,Credit Card
Clothing,East,52,Male,11,59.39,3,178.17,4.5,0,7,0,Credit Card
Electronics,North,57,Female,9,607.57,1,607.57,4.1,30,9,0,Debit Card
Beauty,East,31,Male,8,66.22,3,198.66,4.3,15,2,0,COD
Home & Kitchen,East,50,Male,3,103.63,1,103.63,3.7,0,5,0,Credit Card
Home & Kitchen,North,31,Female,7,136.67,1,136.67,3.6,0,9,0,Credit Card
Electronics,South,51,Female,9,544.51,5,2722.55,4.4,15,3,0,Net Banking
Books,South,21,Female,12,31.41,5,157.05,4.3,15,1,0,Credit Card
Electronics,North,41,Male,4,482.98,2,965.96,3.8,0,2,1,Net Banking
Sports,West,46,Male,1,127.88,4,511.52,3.3,5,6,0,UPI
Electronics,West,36,Male,2,471.24,2,942.48,4.7,20,5,0,UPI
Electronics,East,23,Male,6,436.83,1,436.83,4.0,0,1,0,UPI
Electronics,South,50,Male,10,524.84,1,524.84,3.3,20,1,0,Credit Card
Home & Kitchen,South,57,Male,1,176.77,4,707.08,3.8,15,4,0,UPI
Home & Kitchen,East,36,Female,7,162.7,1,162.7,3.7,10,4,0,COD
Electronics,East,18,Male,5,361.11,2,722.22,3.8,5,6,0,Debit Card
Books,North,22,Female,1,27.17,2,54.34,4.5,0,6,0,Debit Card
Clothing,South,44,Female,7,114.69,2,229.38,3.7,20,6,0,Net Banking
Home & Kitchen,West,33,Male,4,88.18,2,176.36,3.6,0,1,0,Credit Card
Clothing,South,23,Female,6,59.94,1,59.94,4.5,5,9,0,Debit Card
Clothing,North,57,Male,9,77.41,1,77.41,2.9,15,7,0,UPI
Home & Kitchen,East,30,Male,7,192.49,2,384.98,3.8,5,7,0,Net Banking
Electronics,North,52,Female,3,278.74,2,557.48,4.4,10,7,0,UPI
Electronics,North,36,Male,12,326.32,2,652.64,4.2,20,2,0,Debit Card
Sports,North,29,Female,8,57.71,2,115.42,4.3,10,2,0,COD
Beauty,South,33,Male,10,65.12,1,65.12,5.0,25,6,0,UPI
Clothing,East,60,Female,2,57.58,3,172.74,4.6,20,7,0,Credit Card
Clothing,South,27,Male,1,69.32,2,138.64,3.2,5,3,0,UPI
Home & Kitchen,North,42,Male,1,135.89,1,135.89,3.0,10,4,0,UPI
Clothing,West,37,Male,3,108.52,2,217.04,4.0,10,3,0,Debit Card
Electronics,West,48,Female,6,382.76,3,1148.28,3.2,15,7,0,COD
Electronics,West,21,Female,12,270.99,4,1083.96,2.9,5,7,0,UPI
Books,North,61,Female,7,30.73,1,30.73,4.4,30,4,0,UPI
Home & Kitchen,South,40,Male,5,210.67,2,421.34,4.1,15,7,0,Debit Card
Electronics,West,19,Female,8,465.23,1,465.23,4.8,10,5,0,Credit Card
Electronics,East,39,Female,2,623.02,1,623.02,4.3,15,1,0,Credit Card
Electronics,North,54,Female,8,563.27,2,1126.54,4.9,10,4,0,COD
Books,North,25,Male,8,16.08,2,32.16,4.4,20,7,0,Debit Card
Electronics,South,24,Female,10,486.53,3,1459.59,3.3,15,2,0,Credit Card
Electronics,West,31,Female,12,330.44,1,330.44,4.3,0,2,0,Credit Card
Books,East,20,Male,4,31.79,1,31.79,4.9,0,1,0,Debit Card
Electronics,South,33,Female,7,327.32,2,654.64,4.1,20,2,0,Net Banking
Home & Kitchen,North,36,Female,11,122.24,1,122.24,4.5,15,8,0,Net Banking
Electronics,East,35,Male,10,597.73,1,597.73,3.8,25,8,0,Credit Card
Electronics,West,33,Male,7,296.79,1,296.79,4.2,0,8,0,COD
Electronics,South,25,Male,12,577.13,1,577.13,3.8,5,1,0,UPI
Books,East,50,Female,1,15.91,1,15.91,5.0,0,1,0,Debit Card
Sports,West,29,Female,12,60.27,2,120.54,4.2,15,4,0,Debit Card
Sports,North,28,Male,1,138.18,1,138.18,3.2,10,6,0,Credit Card
Clothing,South,22,Female,8,88.18,1,88.18,4.7,0,8,0,COD
Home & Kitchen,South,44,Female,11,179.6,2,359.2,3.4,15,2,0,Credit Card
Electronics,East,29,Male,4,297.96,1,297.96,3.9,10,3,0,Credit Card
Clothing,East,34,Female,7,80.89,2,161.78,4.0,5,6,0,Net Banking
Sports,East,23,Female,5,126.2,1,126.2,4.1,10,4,0,Debit Card
Electronics,East,50,Female,12,473.47,1,473.47,4.1,20,2,0,Net Banking
Electronics,South,22,Female,10,408.11,1,408.11,3.3,5,7,0,UPI
Electronics,West,45,Female,9,613.11,1,613.11,4.1,5,4,0,UPI
Electronics,East,31,Female,8,493.99,2,987.98,4.5,5,8,0,COD
Electronics,North,22,Male,10,591.26,4,2365.04,4.4,20,8,0,Credit Card
Home & Kitchen,East,50,Female,6,177.09,1,177.09,3.1,20,7,0,Net Banking
Clothing,East,58,Female,7,96.37,1,96.37,3.5,10,9,0,Credit Card
Sports,South,36,Female,10,59.16,2,118.32,3.3,5,4,0,Net Banking
Sports,West,39,Male,6,87.67,2,175.34,4.0,25,7,0,Credit Card
Clothing,West,22,Female,2,105.95,3,317.85,3.0,30,1,0,Debit Card
Clothing,North,19,Male,2,57.14,1,57.14,3.2,15,4,0,COD
Clothing,West,47,Female,2,48.01,4,192.04,3.5,30,2,0,UPI
Home & Kitchen,North,64,Male,11,118.96,1,118.96,2.9,15,9,0,Debit Card
Clothing,North,56,Male,7,56.19,1,56.19,3.8,20,5,0,Net Banking
Home & Kitchen,North,21,Male,9,205.24,3,615.72,2.7,10,3,0,Debit Card
Clothing,West,50,Male,6,106.7,2,213.4,4.0,10,4,0,COD
Home & Kitchen,East,30,Female,4,143.95,2,287.9,3.6,0,6,0,UPI
Clothing,North,37,Female,5,43.78,2,87.56,3.5,20,1,0,Credit Card
Clothing,South,24,Female,10,94.74,2,189.48,3.6,25,7,1,Credit Card
Beauty,East,32,Male,8,60.66,1,60.66,4.1,15,8,0,Credit Card
Books,North,40,Male,12,44.12,2,88.24,4.5,5,7,0,Credit Card
Electronics,West,31,Female,9,444.76,1,444.76,4.6,0,7,0,UPI
Sports,West,40,Female,8,85.31,3,255.93,4.3,5,9,0,Credit Card
Home & Kitchen,South,36,Male,8,146.74,5,733.7,4.9,5,4,0,Credit Card
Sports,West,46,Male,12,150.88,1,150.88,4.1,15,7,0,Credit Card
Books,South,37,Male,10,35.89,1,35.89,4.3,25,9,0,Net Banking
Clothing,West,46,Female,1,91.41,1,91.41,3.6,0,5,0,Debit Card
Electronics,East,41,Female,7,311.09,1,311.09,3.7,0,2,0,UPI
Clothing,East,35,Male,9,97.0,4,388.0,4.1,15,5,0,COD
Home & Kitchen,North,27,Male,10,180.04,1,180.04,3.3,5,4,0,Credit Card
Home & Kitchen,West,58,Female,4,117.69,1,117.69,3.9,25,8,0,COD
Clothing,South,25,Male,11,76.73,3,230.19,3.8,5,5,0,Debit Card
Electronics,North,43,Male,12,333.73,3,1001.19,3.5,5,9,0,Credit Card
Sports,North,46,Female,4,77.39,2,154.78,3.3,5,9,0,Debit Card
Beauty,East,27,Male,11,28.4,2,56.8,5.0,0,3,0,Net Banking
Home & Kitchen,South,34,Male,2,113.07,2,226.14,3.1,15,6,0,UPI
Electronics,East,19,Female,1,442.67,5,2213.35,3.9,0,6,0,Net Banking
Clothing,West,23,Female,3,39.12,2,78.24,4.4,10,4,0,Credit Card
Electronics,North,22,Female,1,328.95,2,657.9,4.2,10,3,0,Credit Card
Sports,East,45,Female,11,140.9,1,140.9,3.6,0,1,0,Credit Card
Electronics,North,58,Female,1,459.33,1,459.33,3.3,0,7,0,Credit Card
Home & Kitchen,West,22,Female,5,159.53,2,319.06,3.9,10,5,0,Credit Card
Clothing,West,35,Male,2,70.46,4,281.84,2.5,15,7,0,COD
Home & Kitchen,East,43,Female,5,169.41,3,508.23,3.9,25,1,1,Credit Card
Home & Kitchen,East,37,Female,2,99.35,5,496.75,3.8,0,8,0,UPI
Sports,South,58,Male,9,134.51,2,269.02,4.3,0,3,0,UPI
Electronics,South,44,Male,3,259.01,3,777.03,3.3,0,7,0,COD
Electronics,West,29,Male,11,485.52,3,1456.56,3.7,10,3,1,COD
Electronics,South,24,Male,10,353.28,2,706.56,4.1,15,3,0,Debit Card
Sports,South,20,Male,1,127.25,1,127.25,3.9,20,9,0,COD
Sports,South,27,Female,11,107.08,2,214.16,3.1,15,2,0,Net Banking
Home & Kitchen,West,51,Female,1,137.14,3,411.42,3.5,5,4,0,COD
Home & Kitchen,South,42,Male,4,96.4,1,96.4,4.5,10,6,0,Debit Card
Home & Kitchen,North,52,Male,1,163.7,4,654.8,3.9,25,3,0,Credit Card
Electronics,East,33,Male,5,619.4,1,619.4,3.1,5,7,0,UPI
Sports,West,19,Female,7,135.21,2,270.42,4.2,10,7,0,Debit Card
Clothing,North,41,Male,10,43.68,2,87.36,3.0,25,5,0,UPI
Clothing,North,27,Male,5,68.35,2,136.7,3.6,20,3,0,Credit Card
Home & Kitchen,North,55,Male,9,205.28,1,205.28,4.1,20,2,0,UPI
Electronics,South,39,Male,3,421.28,4,1685.12,4.5,5,4,0,COD
Electronics,South,43,Male,10,488.09,2,976.18,2.7,10,4,0,Credit Card
Books,East,60,Female,4,42.38,1,42.38,4.6,0,8,0,Net Banking
Electronics,East,56,Female,3,576.99,2,1153.98,4.3,15,8,0,Debit Card
Home & Kitchen,East,44,Female,3,144.26,1,144.26,3.5,0,5,0,COD
Electronics,South,46,Male,3,393.81,1,393.81,3.9,20,6,0,COD
Clothing,West,64,Female,7,65.5,1,65.5,2.3,20,8,0,Net Banking
Clothing,South,55,Female,11,95.08,3,285.24,2.4,10,1,0,UPI
Clothing,West,37,Male,2,61.38,2,122.76,4.4,0,5,0,Credit Card
Books,East,44,Female,9,22.5,2,45.0,3.9,0,4,0,UPI
Clothing,North,58,Male,9,66.79,1,66.79,3.6,20,4,0,Net Banking
Home & Kitchen,East,37,Female,11,97.52,1,97.52,3.9,15,2,0,COD
Home & Kitchen,South,61,Male,4,172.1,4,688.4,3.6,15,1,0,Net Banking
Home & Kitchen,East,36,Female,7,160.74,2,321.48,3.6,5,6,0,Credit Card
Beauty,North,37,Male,12,53.08,4,212.32,4.3,10,7,0,Debit Card
Books,North,52,Female,9,26.71,1,26.71,3.5,20,5,0,UPI
Electronics,West,64,Female,6,591.81,1,591.81,4.5,10,8,0,Credit Card
Electronics,North,19,Female,3,222.23,3,666.69,3.8,15,9,0,Credit Card
Clothing,West,47,Male,4,98.99,2,197.98,3.3,20,2,0,Credit Card
Home & Kitchen,North,51,Male,8,201.87,1,201.87,3.2,5,4,0,Net Banking
Electronics,East,39,Female,9,397.47,1,397.47,3.9,0,9,0,Credit Card
Home & Kitchen,East,20,Male,3,151.3,3,453.9,3.6,10,5,0,Credit Card
Home & Kitchen,South,23,Male,8,208.0,2,416.0,3.0,0,3,0,COD
Clothing,South,32,Female,8,55.56,2,111.12,3.5,20,6,0,UPI
Books,North,44,Female,7,30.6,1,30.6,3.8,15,3,1,Credit Card
Electronics,North,27,Male,9,409.38,1,409.38,4.5,25,5,0,Credit Card
Electronics,South,26,Male,11,318.52,5,1592.6,4.0,15,3,0,Credit Card
Books,East,50,Male,5,39.56,1,39.56,5.0,0,6,0,Credit Card
Home & Kitchen,West,49,Female,11,201.54,2,403.08,3.4,5,5,0,Credit Card
Books,West,23,Female,3,38.46,3,115.38,4.1,20,9,0,Debit Card
Clothing,East,58,Female,3,54.24,1,54.24,4.0,0,3,0,Credit Card
Electronics,East,53,Female,4,246.43,1,246.43,4.2,15,6,0,UPI
Sports,East,19,Male,2,112.76,2,225.52,4.2,20,8,0,Net Banking
Books,North,46,Male,4,16.71,2,33.42,3.8,5,7,0,UPI
Books,West,21,Male,2,35.18,2,70.36,3.8,5,6,0,COD
Clothing,East,18,Male,10,80.37,1,80.37,3.6,15,2,0,UPI
Home & Kitchen,East,36,Female,3,167.44,2,334.88,4.5,20,7,0,UPI
Clothing,North,43,Female,10,85.03,2,170.06,3.3,5,8,0,Debit Card
Electronics,South,42,Male,1,387.54,2,775.08,3.6,25,1,0,Credit Card
Sports,South,27,Male,12,71.49,1,71.49,4.2,15,9,0,Credit Card
Electronics,West,32,Female,9,338.39,2,676.78,4.2,30,4,0,Debit Card
Beauty,East,39,Female,1,55.32,4,221.28,4.4,0,8,0,UPI
Clothing,South,38,Male,10,89.85,2,179.7,3.8,0,7,0,Net Banking
Electronics,West,39,Female,7,537.38,2,1074.76,3.4,20,7,0,COD
Home & Kitchen,North,53,Female,10,182.47,2,364.94,3.5,20,2,0,UPI
Sports,South,51,Male,7,150.21,3,450.63,4.4,10,1,0,Debit Card
Books,North,47,Female,9,23.58,4,94.32,4.6,15,4,0,UPI
Sports,East,42,Male,10,58.25,1,58.25,3.1,20,2,0,COD
Home & Kitchen,West,62,Female,6,121.77,1,121.77,4.2,0,8,0,Net Banking
Books,South,45,Female,1,37.3,1,37.3,4.9,15,7,0,COD
Sports,West,18,Female,11,95.69,1,95.69,3.8,20,8,0,Credit Card
Electronics,South,62,Female,6,553.47,1,553.47,4.1,10,6,0,Net Banking
Home & Kitchen,West,21,Male,7,151.1,3,453.3,4.3,5,1,1,Credit Card
Electronics,East,24,Female,1,600.51,1,600.51,3.6,20,9,0,Credit Card
Beauty,West,26,Female,7,78.18,2,156.36,5.0,5,6,0,COD
Beauty,North,53,Female,12,30.74,2,61.48,4.7,0,1,0,Credit Card
Electronics,West,36,Female,5,401.69,1,401.69,4.2,25,1,0,COD
Books,East,18,Female,6,33.29,4,133.16,4.2,15,8,0,Credit Card
Beauty,South,27,Female,9,40.82,3,122.46,4.3,20,6,0,Net Banking
Electronics,West,53,Male,10,380.97,2,761.94,3.1,20,8,0,Credit Card
Home & Kitchen,South,26,Female,6,169.59,1,169.59,4.8,0,8,0,UPI
Sports,West,62,Female,5,74.13,1,74.13,4.4,0,8,0,Credit Card
Electronics,North,63,Female,12,462.83,2,925.66,4.6,5,7,0,Debit Card
Books,East,59,Female,9,35.92,1,35.92,4.2,5,7,0,UPI
Clothing,East,49,Male,2,46.06,2,92.12,3.6,15,4,0,Debit Card
Beauty,North,49,Male,2,53.87,3,161.61,3.8,15,9,1,Credit Card
Beauty,North,23,Female,7,41.21,1,41.21,4.5,10,2,0,Credit Card
Beauty,North,55,Female,4,66.12,3,198.36,3.8,5,9,0,Credit Card
Home & Kitchen,South,34,Male,4,99.3,1,99.3,3.7,10,3,0,UPI
Sports,South,27,Female,11,142.01,4,568.04,4.1,10,2,0,Net Banking
Sports,East,44,Male,2,94.96,1,94.96,3.5,10,4,0,COD
Clothing,South,52,Female,9,54.44,2,108.88,4.3,0,5,0,Credit Card
Sports,South,38,Male,5,95.68,1,95.68,3.8,15,2,0,UPI
Electronics,East,42,Male,10,381.67,3,1145.01,3.1,0,1,0,Net Banking
Home & Kitchen,North,45,Male,9,133.76,2,267.52,3.5,10,5,0,Credit Card
Electronics,West,64,Male,1,455.94,1,455.94,4.6,15,9,0,UPI
Electronics,West,32,Male,7,428.89,2,857.78,3.4,0,5,0,UPI
Electronics,East,21,Male,3,272.91,1,272.91,4.3,15,9,0,Credit Card
Books,East,46,Male,11,16.97,2,33.94,4.3,5,6,0,Credit Card
Clothing,West,26,Female,11,95.89,3,287.67,3.7,0,3,0,Credit Card
Books,North,44,Female,6,31.79,1,31.79,5.0,0,4,0,Debit Card
Electronics,North,43,Male,7,360.78,1,360.78,3.3,25,4,1,Credit Card
Clothing,North,36,Female,5,102.05,1,102.05,3.4,10,1,0,Credit Card
Home & Kitchen,East,45,Male,9,127.88,2,255.76,3.8,30,3,0,UPI
Books,North,34,Female,6,38.88,1,38.88,5.0,10,3,0,Credit Card
Clothing,East,60,Female,4,62.85,1,62.85,3.8,10,1,0,Credit Card
Home & Kitchen,West,58,Male,6,82.49,1,82.49,3.9,10,9,0,COD
Sports,West,59,Male,2,146.13,1,146.13,3.6,5,1,0,Credit Card
Home & Kitchen,South,37,Male,10,128.82,5,644.1,4.0,5,9,0,Debit Card
Electronics,North,62,Male,1,542.93,1,542.93,3.8,5,1,0,UPI
Electronics,West,57,Female,9,327.24,2,654.48,4.2,10,2,0,Debit Card
Sports,East,56,Male,3,116.93,3,350.79,4.2,0,2,0,Debit Card
Electronics,North,40,Male,4,576.79,2,1153.58,3.8,5,6,0,Credit Card
Sports,North,64,Male,8,55.25,1,55.25,3.2,5,7,0,Net Banking
Home & Kitchen,West,49,Male,12,191.61,2,383.22,3.8,10,1,0,UPI
Beauty,East,64,Female,10,57.85,3,173.55,4.8,15,3,0,Net Banking
Books,West,50,Male,4,33.22,1,33.22,3.8,20,2,0,UPI
Beauty,West,63,Female,3,55.25,1,55.25,4.3,5,8,0,COD
Clothing,East,22,Male,11,107.21,1,107.21,3.2,0,9,0,Net Banking
Books,South,60,Male,7,16.3,1,16.3,3.7,10,2,0,COD
Clothing,South,51,Female,3,59.36,1,59.36,4.5,25,2,0,UPI
Home & Kitchen,South,57,Male,11,198.11,2,396.22,4.1,0,9,0,UPI
Home & Kitchen,South,28,Female,10,180.34,1,180.34,4.0,15,4,0,Debit Card
Sports,East,20,Female,12,52.8,2,105.6,2.6,10,5,0,COD
Beauty,East,50,Male,11,54.92,2,109.84,3.8,0,9,0,COD
Books,West,28,Male,11,30.89,2,61.78,4.5,5,6,0,UPI
Clothing,South,33,Male,1,70.27,2,140.54,3.1,5,9,0,Net Banking
Clothing,East,35,Male,2,62.2,1,62.2,3.6,20,9,0,Credit Card
Books,East,47,Male,8,35.45,4,141.8,4.6,10,7,0,UPI
Electronics,East,27,Male,7,297.27,2,594.54,3.1,15,9,0,Credit Card
Electronics,East,35,Male,7,545.56,2,1091.12,3.1,15,5,0,UPI
Clothing,North,55,Female,6,101.64,3,304.92,3.1,15,5,0,COD
Clothing,South,36,Female,6,71.39,1,71.39,4.0,10,8,0,Credit Card
Clothing,North,53,Female,8,61.12,1,61.12,3.5,0,4,0,Debit Card
Electronics,South,30,Male,1,329.23,2,658.46,4.3,5,9,0,Debit Card
Electronics,South,63,Male,4,412.56,2,825.12,4.0,0,7,0,Credit Card
Electronics,East,20,Female,7,512.22,4,2048.88,4.8,15,7,0,UPI
Beauty,West,27,Female,9,46.38,5,231.9,3.5,0,3,0,UPI
Clothing,East,55,Female,3,86.58,1,86.58,4.0,15,4,0,Credit Card
Clothing,East,18,Male,8,68.83,1,68.83,3.4,5,7,0,Net Banking
Books,South,44,Female,9,24.14,1,24.14,4.5,25,5,0,COD
Electronics,East,63,Female,7,220.44,1,220.44,4.0,5,3,0,Credit Card
Beauty,North,25,Male,1,27.21,3,81.63,3.6,5,1,0,Credit Card
Books,North,63,Male,7,21.82,3,65.46,4.1,25,7,1,UPI
Electronics,South,59,Male,5,380.69,2,761.38,3.9,10,6,0,Debit Card
Clothing,South,34,Male,12,105.4,1,105.4,3.5,30,7,0,Credit Card
Sports,North,26,Male,3,132.45,1,132.45,4.2,0,2,0,Credit Card
Beauty,North,23,Female,9,41.43,1,41.43,3.6,5,4,0,UPI
Clothing,North,60,Female,1,58.07,3,174.21,4.8,15,2,0,COD
Home & Kitchen,West,42,Male,7,104.73,1,104.73,4.3,25,8,0,UPI
Electronics,South,56,Male,8,352.48,3,1057.44,4.1,5,7,0,UPI
Beauty,South,45,Male,5,53.9,2,107.8,5.0,25,1,0,COD
Electronics,North,50,Female,7,394.24,2,788.48,3.7,15,2,0,Debit Card
Beauty,East,54,Male,3,38.79,1,38.79,4.4,20,2,0,Debit Card
Home & Kitchen,South,26,Female,5,90.79,2,181.58,3.9,10,4,0,UPI
Home & Kitchen,North,35,Male,8,73.81,2,147.62,4.2,5,3,0,COD
Home & Kitchen,South,38,Male,5,94.17,3,282.51,4.5,25,1,0,Debit Card
Electronics,North,19,Female,11,506.25,1,506.25,4.2,25,2,1,COD
Electronics,North,60,Female,8,312.33,2,624.66,4.4,10,9,0,Debit Card
Electronics,North,55,Male,6,406.81,2,813.62,3.6,0,1,0,Debit Card
Electronics,North,57,Male,1,458.35,1,458.35,3.8,0,9,1,Credit Card
Books,North,53,Female,7,41.61,1,41.61,5.0,15,7,0,UPI
Clothing,South,60,Male,10,108.33,5,541.65,4.1,0,2,0,Net Banking
Electronics,West,54,Female,4,523.21,1,523.21,4.0,10,2,0,Credit Card
Beauty,East,32,Male,10,28.9,1,28.9,3.7,5,5,0,UPI
Sports,South,45,Female,4,109.66,1,109.66,4.3,15,5,0,Credit Card
Beauty,South,35,Female,10,69.48,2,138.96,3.7,0,4,0,Net Banking
Beauty,West,51,Male,2,27.93,1,27.93,3.6,10,3,0,Credit Card
Electronics,South,39,Female,11,440.87,2,881.74,4.0,15,4,0,Net Banking
Clothing,North,28,Male,7,105.91,1,105.91,2.6,15,4,0,Debit Card
Books,East,30,Male,5,29.22,1,29.22,4.5,10,2,0,Credit Card
Books,North,21,Female,4,15.12,2,30.24,4.4,5,5,0,UPI
Electronics,South,39,Male,6,214.63,1,214.63,3.7,15,5,0,Credit Card
Sports,South,24,Female,12,93.5,5,467.5,3.7,20,5,0,UPI
Electronics,West,60,Male,4,275.1,1,275.1,3.8,15,1,0,UPI
Electronics,South,41,Male,2,489.07,1,489.07,3.5,25,6,0,Credit Card
Home & Kitchen,East,21,Male,8,174.07,1,174.07,3.9,15,2,0,COD
Home & Kitchen,West,45,Male,7,97.61,1,97.61,3.7,20,7,0,Credit Card
Home & Kitchen,North,32,Male,7,199.95,5,999.75,3.9,0,4,0,Debit Card
Electronics,North,18,Female,9,395.6,3,1186.8,3.8,10,5,0,UPI
Sports,South,20,Female,4,65.57,1,65.57,3.6,10,5,0,Debit Card
Clothing,South,31,Female,11,98.61,2,197.22,3.9,5,5,0,UPI
Electronics,South,55,Male,6,541.79,2,1083.58,4.3,10,2,0,Debit Card
Sports,West,18,Male,3,116.21,1,116.21,3.5,5,5,0,Debit Card
Beauty,East,55,Male,10,73.09,1,73.09,4.3,15,3,0,Debit Card
Sports,East,55,Male,9,126.21,4,504.84,4.1,10,4,0,Credit Card
Sports,South,38,Male,5,140.98,5,704.9,3.2,10,2,0,Debit Card
Home & Kitchen,West,46,Male,8,134.48,5,672.4,4.3,30,4,0,Credit Card
Home & Kitchen,West,22,Male,4,179.65,3,538.95,4.8,10,9,0,Credit Card
Electronics,West,27,Female,7,629.9,2,1259.8,3.9,10,8,0,UPI
Clothing,North,45,Male,11,95.54,1,95.54,3.7,5,3,0,UPI
Clothing,East,38,Male,3,47.91,1,47.91,3.7,25,1,0,UPI
Clothing,North,24,Male,6,79.43,1,79.43,4.1,10,1,0,Debit Card
Books,North,20,Male,10,32.62,2,65.24,4.5,15,6,0,UPI
Home & Kitchen,North,62,Female,12,97.09,3,291.27,3.0,0,3,0,UPI
Electronics,East,64,Male,7,614.41,3,1843.23,3.5,10,4,0,Credit Card
Electronics,East,37,Male,7,283.74,4,1134.96,4.2,5,1,0,Debit Card
Books,North,36,Male,8,20.33,3,60.99,4.1,20,8,0,UPI
Electronics,South,52,Male,12,594.37,5,2971.85,3.3,20,1,0,UPI
Sports,South,21,Male,11,98.45,1,98.45,4.6,15,5,0,Debit Card
Home & Kitchen,South,22,Female,3,81.1,3,243.3,3.4,20,6,1,UPI
Home & Kitchen,North,18,Female,6,158.14,2,316.28,3.8,10,2,0,UPI
Home & Kitchen,South,21,Female,7,158.66,1,158.66,3.7,15,7,0,UPI
Sports,East,29,Male,10,57.58,5,287.9,3.3,10,7,0,Debit Card
Clothing,North,44,Female,8,114.86,4,459.44,3.9,15,1,0,Debit Card
Books,North,59,Female,9,31.32,1,31.32,4.4,5,4,0,Credit Card
Home & Kitchen,South,40,Male,12,152.61,1,152.61,3.6,0,4,0,Credit Card
Clothing,West,42,Female,2,79.57,2,159.14,3.6,10,5,0,Credit Card
Sports,East,38,Male,4,113.29,2,226.58,4.1,10,1,0,Debit Card
Books,East,41,Male,6,22.93,4,91.72,3.2,5,1,0,Net Banking
Home & Kitchen,South,42,Female,5,113.36,1,113.36,3.4,15,7,0,UPI
Sports,East,62,Male,1,103.16,1,103.16,3.9,0,9,0,Credit Card
Sports,North,63,Female,2,133.28,1,133.28,3.5,5,1,0,Debit Card
Books,East,49,Male,9,16.5,1,16.5,3.9,20,2,0,Net Banking
Sports,West,49,Female,11,112.55,1,112.55,4.3,10,6,0,COD
Books,East,22,Female,7,39.2,4,156.8,3.9,15,6,0,Debit Card
Books,West,53,Female,7,19.71,1,19.71,5.0,15,2,0,Net Banking
Home & Kitchen,East,63,Male,4,74.16,1,74.16,2.9,25,9,0,Credit Card
Books,North,59,Male,10,24.38,1,24.38,3.1,15,4,1,Credit Card
Electronics,West,59,Male,10,457.02,1,457.02,4.3,0,7,1,Credit Card
Sports,North,56,Male,8,65.1,3,195.3,3.3,10,6,0,Debit Card
Sports,East,33,Male,4,94.46,2,188.92,3.3,0,3,0,Credit Card
Electronics,North,50,Female,2,441.98,3,1325.94,4.4,25,8,1,UPI
Sports,North,38,Female,2,112.09,1,112.09,3.6,0,7,0,UPI
Electronics,South,26,Female,8,325.25,1,325.25,4.4,10,9,0,UPI
Clothing,South,23,Male,10,70.2,2,140.4,3.5,5,3,0,Net Banking
Books,South,62,Male,11,38.35,1,38.35,4.4,20,1,0,Credit Card
Electronics,East,52,Male,7,605.31,3,1815.93,3.6,5,2,0,UPI
Sports,North,56,Female,10,138.91,1,138.91,3.3,30,1,0,Net Banking
Sports,North,39,Female,12,108.56,2,217.12,4.7,0,5,0,Credit Card
Home & Kitchen,East,58,Female,5,131.08,1,131.08,4.4,0,2,0,Debit Card
Electronics,South,22,Female,6,349.84,2,699.68,3.5,5,3,0,Net Banking
Clothing,East,59,Female,12,48.75,4,195.0,3.7,20,8,0,COD
Home & Kitchen,East,40,Male,5,87.34,2,174.68,4.5,20,5,0,Net Banking
Beauty,West,34,Male,11,64.17,2,128.34,3.6,0,4,0,UPI
Home & Kitchen,East,29,Female,12,109.41,5,547.05,3.3,0,5,1,Debit Card
Clothing,South,40,Male,9,58.86,2,117.72,4.0,20,6,0,Credit Card
Home & Kitchen,East,33,Male,10,215.74,1,215.74,4.9,0,7,0,Credit Card
Home & Kitchen,North,20,Female,10,99.06,1,99.06,3.8,0,9,0,Credit Card
Books,South,47,Female,9,19.44,2,38.88,4.7,0,1,0,UPI
Electronics,East,39,Female,5,251.45,2,502.9,3.4,0,4,0,Net Banking
Books,South,26,Female,1,32.39,1,32.39,4.4,5,9,0,UPI
Home & Kitchen,East,46,Female,5,162.41,1,162.41,3.6,0,5,0,UPI
Beauty,West,64,Male,9,46.72,5,233.6,5.0,10,8,0,UPI
Clothing,West,54,Male,2,80.76,1,80.76,4.6,20,1,0,UPI
Home & Kitchen,West,40,Female,1,185.53,1,185.53,4.9,5,4,1,COD
Beauty,South,30,Female,3,71.18,1,71.18,3.8,15,9,0,Credit Card
Electronics,South,49,Male,9,612.32,3,1836.96,3.9,0,1,0,Debit Card
Beauty,East,63,Female,12,71.51,1,71.51,4.3,15,1,0,UPI
Books,South,64,Male,12,31.95,2,63.9,3.9,5,4,0,Credit Card
Electronics,East,40,Male,7,285.46,1,285.46,4.0,20,3,0,UPI
Clothing,East,62,Female,11,46.78,2,93.56,4.3,0,7,0,Net Banking
Books,East,34,Male,10,16.64,3,49.92,3.9,25,3,0,Credit Card
Electronics,South,57,Male,7,489.94,1,489.94,3.5,5,1,0,Credit Card
Home & Kitchen,North,38,Male,8,188.29,2,376.58,3.4,10,2,0,Credit Card
Clothing,South,19,Female,3,78.68,1,78.68,3.1,25,4,0,Net Banking
Home & Kitchen,North,54,Male,12,79.88,1,79.88,4.2,15,1,0,Debit Card
Electronics,West,23,Female,6,434.9,3,1304.7,3.5,10,1,0,UPI
Sports,South,61,Female,7,146.45,1,146.45,3.4,25,8,0,UPI
Beauty,North,35,Male,9,59.27,2,118.54,4.4,5,7,1,COD
Beauty,North,47,Female,5,70.71,1,70.71,4.1,0,8,0,Net Banking
Books,East,39,Male,4,39.0,1,39.0,3.9,30,4,0,Net Banking
Electronics,East,50,Female,8,601.49,1,601.49,4.3,5,6,1,Net Banking
